vendorName,taxCategory,referenceNumber,reconciled,notes,ledgerDescription,id,entryType,debitAmount,date,creditAmount,checkNumber,balance,amount,accountName,accountCode,iosSymbol,emoji
Farm Co-op,No Tax,REF-3797,True,Someone painted the barn plaid again.,Weekly payroll distribution,56495,Payment,114.86,2025-07-14 14:09:00,0.0,CHK-2135,1143.69,114.86,Sales - Value-Added Goods,4100,folder,ğŸ”
Johnny's Seeds,Sales Tax,REF-2304,False,Someone painted the barn plaid again.,Utility payment: irrigation pump,97607,Tax,0.0,2025-07-14 07:55:00,737.4,,1969.89,737.4,Fuel,5300,tray,ğŸ’¼
Zappa Solar,No Tax,REF-8168,True,Billy the Mountain requested cash.,Sale at Saturday farmer's market,92079,Payroll,1166.73,2025-07-14 18:56:00,0.0,,3672.51,1166.73,Depreciation,6000,calendar,ğŸ› 
USDA,Use Tax,REF-1169,True,Beware of the Central Scrutinizer.,Sale at Saturday farmer's market,36674,Payroll,0.0,2025-07-14 09:19:00,606.85,,1957.39,606.85,Insurance,5900,wrench,ğŸ§¾
Tractor Depot,Sales Tax,REF-1773,False,Someone painted the barn plaid again.,Tractor repair service,19448,Tax,343.74,2025-07-14 14:18:00,0.0,,3420.12,343.74,Insurance,5900,gear,ğŸŒ½
USDA,No Tax,REF-7320,True,Billy the Mountain requested cash.,Weekly payroll distribution,76949,Expense,1029.46,2025-07-14 16:45:00,0.0,CHK-5131,4950.7,1029.46,Insurance,5900,bag,ğŸ’¼
Johnny's Seeds,No Tax,REF-3614,True,Billy the Mountain requested cash.,Utility payment: irrigation pump,39297,Tax,360.58,2025-07-14 08:39:00,0.0,,3492.53,360.58,Insurance,5900,dollarsign.circle,ğŸ¥•
Zappa Solar,Sales Tax,REF-9353,False,Paid in kale chips and weird looks.,Utility payment: irrigation pump,35919,Tax,685.29,2025-07-14 15:18:00,0.0,CHK-1242,2750.12,685.29,Cost of Goods Sold,5000,externaldrive,ğŸ“¦
Johnny's Seeds,Use Tax,REF-6287,False,Someone painted the barn plaid again.,Sale at Saturday farmer's market,75290,Tax,1130.58,2025-07-14 13:42:00,0.0,CHK-5635,4277.15,1130.58,Fuel,5300,bag,ğŸ› 
Tractor Depot,Sales Tax,REF-4816,True,Someone painted the barn plaid again.,Purchase of heirloom tomato seeds,29877,Expense,0.0,2025-07-14 16:29:00,1001.19,,2136.23,1001.19,Insurance,5900,tractor,ğŸª£
Tractor Depot,Use Tax,REF-1756,True,Billy the Mountain requested cash.,Purchase of heirloom tomato seeds,29828,Invoice,0.0,2025-07-14 15:12:00,1013.57,,3458.68,1013.57,Taxes Payable,2200,hammer,ğŸ
Zappa Solar,Use Tax,REF-3461,True,Billy the Mountain requested cash.,Tractor repair service,78866,Equity Contribution,0.0,2025-07-14 10:39:00,347.31,CHK-9039,1373.55,347.31,Wages Payable,2100,externaldrive,ğŸŒ±
Johnny's Seeds,Use Tax,REF-6273,True,Paid in kale chips and weird looks.,Purchase of heirloom tomato seeds,62125,Expense,0.0,2025-07-14 16:43:00,337.91,CHK-9498,2076.23,337.91,Sales - Value-Added Goods,4100,cart,ğŸ”
Compost Collective,Sales Tax,REF-1629,True,Beware of the Central Scrutinizer.,Tractor repair service,49323,Payment,0.0,2025-07-14 08:23:00,549.72,,4511.01,549.72,Owner's Equity,3000,tray,ğŸ¡
Muffin Utility Inc.,Sales Tax,REF-7346,False,Paid in kale chips and weird looks.,Purchase of heirloom tomato seeds,22502,Invoice,1177.99,2025-07-14 16:51:00,0.0,CHK-2959,4887.78,1177.99,Cost of Goods Sold,5000,cart,ğŸšœ
Johnny's Seeds,Use Tax,REF-8399,False,Someone painted the barn plaid again.,Tractor repair service,53595,Expense,536.54,2025-07-14 07:03:00,0.0,,4924.85,536.54,Depreciation,6000,dollarsign.circle,ğŸ“¦
Compost Collective,No Tax,REF-4726,False,Billy the Mountain requested cash.,Tractor repair service,97331,Invoice,750.07,2025-07-14 13:31:00,0.0,,2169.05,750.07,Owner's Equity,3000,cart,ğŸ
Compost Collective,Sales Tax,REF-7854,False,Eggplant royalty dispute resolved.,Tractor repair service,18075,Sale,0.0,2025-07-14 12:12:00,961.12,CHK-7407,3354.61,961.12,Seeds & Amendments,5100,folder,ğŸª£
Tractor Depot,Use Tax,REF-1945,True,Beware of the Central Scrutinizer.,Purchase of heirloom tomato seeds,63898,Payroll,0.0,2025-07-14 12:46:00,883.82,,2026.72,883.82,Insurance,5900,person.crop.circle,ğŸ”
USDA,Sales Tax,REF-6349,False,Someone painted the barn plaid again.,Utility payment: irrigation pump,60965,Sale,0.0,2025-07-14 10:47:00,375.29,,2842.44,375.29,Owner's Equity,3000,book,ğŸšœ
Muffin Utility Inc.,No Tax,REF-8815,False,Billy the Mountain requested cash.,Tractor repair service,18299,Equity Contribution,0.0,2025-07-14 14:30:00,911.06,CHK-2935,1865.31,911.06,Professional Services,5800,doc.plaintext,ğŸ› 
Farm Co-op,Use Tax,REF-5365,False,Paid in kale chips and weird looks.,Equity contribution by Frank,37771,Tax,0.0,2025-07-14 13:16:00,627.85,,3710.11,627.85,Marketing & Promotion,5700,briefcase,ğŸ› 
Zappa Solar,Use Tax,REF-6044,False,"This ainâ€™t the garden of Eden, man.",Tractor repair service,18151,Equity Contribution,0.0,2025-07-14 16:16:00,60.7,CHK-8010,4155.85,60.7,Accounts Receivable,1100,bag,ğŸ§‘â€ğŸŒ¾
Compost Collective,Sales Tax,REF-2996,False,"This ainâ€™t the garden of Eden, man.",Payment for organic compost delivery,20166,Equity Contribution,1010.56,2025-07-14 09:03:00,0.0,,3598.94,1010.56,Repairs & Maintenance,5400,doc.plaintext,ğŸ§‘â€ğŸŒ¾
Compost Collective,No Tax,REF-1932,False,Micâ€™d the compost for microbial jazz.,Sale at Saturday farmer's market,43213,Sale,0.0,2025-07-14 13:42:00,367.67,,4194.18,367.67,Taxes Payable,2200,bag,ğŸ„
Zappa Solar,Sales Tax,REF-8806,True,Billy the Mountain requested cash.,Tractor repair service,53737,Equity Contribution,0.0,2025-07-14 14:24:00,703.53,,2386.92,703.53,Professional Services,5800,tractor,ğŸ§‘â€ğŸŒ¾
Tractor Depot,Sales Tax,REF-6317,True,Billy the Mountain requested cash.,Payment for organic compost delivery,56110,Sale,373.93,2025-07-14 11:02:00,0.0,CHK-4880,4443.89,373.93,Cost of Goods Sold,5000,tray,ğŸ§‘â€ğŸŒ¾
Muffin Utility Inc.,Sales Tax,REF-8849,True,Eggplant royalty dispute resolved.,Tractor repair service,49394,Tax,55.62,2025-07-14 09:20:00,0.0,CHK-4096,2154.16,55.62,Depreciation,6000,bag,ğŸ¥•
Compost Collective,Use Tax,REF-1736,False,"This ainâ€™t the garden of Eden, man.",Sale at Saturday farmer's market,58824,Expense,0.0,2025-07-14 07:04:00,644.02,,3080.62,644.02,Marketing & Promotion,5700,cart,ğŸ„
USDA,No Tax,REF-6164,False,Eggplant royalty dispute resolved.,Sale at Saturday farmer's market,25768,Invoice,980.66,2025-07-14 07:21:00,0.0,,3422.22,980.66,Payroll Expenses,5500,book,ğŸ¥•
Farm Co-op,Use Tax,REF-5041,True,Beware of the Central Scrutinizer.,Tractor repair service,48756,Tax,664.74,2025-07-14 11:15:00,0.0,CHK-9318,4458.57,664.74,Utilities,5600,hammer,ğŸ”§
Johnny's Seeds,No Tax,REF-7017,True,Beware of the Central Scrutinizer.,Purchase of heirloom tomato seeds,35151,Expense,0.0,2025-07-14 07:59:00,1091.47,CHK-2243,4121.78,1091.47,Depreciation,6000,doc.plaintext,ğŸ“¦
Johnny's Seeds,Use Tax,REF-6418,False,Paid in kale chips and weird looks.,Sale at Saturday farmer's market,56545,Equity Contribution,0.0,2025-07-14 15:39:00,501.75,,3068.5,501.75,Accounts Receivable,1100,hammer,ğŸ…
USDA,Sales Tax,REF-9077,False,Paid in kale chips and weird looks.,Payment for organic compost delivery,88985,Expense,0.0,2025-07-14 14:11:00,478.14,CHK-9566,3079.12,478.14,Fertilizer & Compost,5200,folder,ğŸ§¾
Tractor Depot,No Tax,REF-6774,True,Paid in kale chips and weird looks.,Weekly payroll distribution,71365,Equity Contribution,490.98,2025-07-14 07:45:00,0.0,CHK-6238,2190.77,490.98,Taxes Payable,2200,book,ğŸ
Compost Collective,Sales Tax,REF-6340,False,Billy the Mountain requested cash.,Weekly payroll distribution,34753,Tax,99.59,2025-07-14 07:10:00,0.0,CHK-1424,1619.07,99.59,Depreciation,6000,doc.plaintext,ğŸ”
Zappa Solar,No Tax,REF-5825,False,Micâ€™d the compost for microbial jazz.,Equity contribution by Frank,57348,Expense,0.0,2025-07-14 16:32:00,367.64,,2744.27,367.64,Taxes Payable,2200,folder,ğŸ§‘â€ğŸŒ¾
Muffin Utility Inc.,No Tax,REF-4879,True,Paid in kale chips and weird looks.,Equity contribution by Frank,75930,Expense,1102.12,2025-07-14 09:00:00,0.0,,2632.88,1102.12,Owner's Equity,3000,tractor,ğŸ„
Tractor Depot,No Tax,REF-2100,False,Billy the Mountain requested cash.,Sale at Saturday farmer's market,83959,Tax,672.51,2025-07-14 18:33:00,0.0,CHK-5802,1924.75,672.51,Accounts Receivable,1100,hammer,ğŸ„
Tractor Depot,No Tax,REF-2940,False,Eggplant royalty dispute resolved.,Equity contribution by Frank,20903,Tax,353.35,2025-07-14 14:22:00,0.0,,1671.33,353.35,Accounts Payable,2000,hammer,ğŸšœ
USDA,Use Tax,REF-2931,False,Someone painted the barn plaid again.,Equity contribution by Frank,26483,Payment,332.38,2025-07-14 10:48:00,0.0,,1535.64,332.38,Repairs & Maintenance,5400,plusminus,ğŸ§º
Zappa Solar,Use Tax,REF-8334,True,Paid in kale chips and weird looks.,Equity contribution by Frank,37634,Sale,0.0,2025-07-14 08:04:00,171.26,,3875.73,171.26,Insurance,5900,tractor,ğŸ§¾
Tractor Depot,Sales Tax,REF-9759,False,Billy the Mountain requested cash.,Utility payment: irrigation pump,49267,Payroll,0.0,2025-07-14 07:12:00,747.23,CHK-4854,3145.02,747.23,Accounts Payable,2000,dollarsign.circle,ğŸ„
Compost Collective,Sales Tax,REF-3883,False,Paid in kale chips and weird looks.,Purchase of heirloom tomato seeds,64305,Invoice,0.0,2025-07-14 09:51:00,1159.36,,3571.47,1159.36,Accounts Receivable,1100,book,ğŸ§¾
Zappa Solar,No Tax,REF-2543,False,"This ainâ€™t the garden of Eden, man.",Payment for organic compost delivery,26568,Invoice,767.06,2025-07-14 17:20:00,0.0,CHK-1866,2216.35,767.06,Depreciation,6000,plusminus,ğŸ§¾
Muffin Utility Inc.,No Tax,REF-1306,True,Micâ€™d the compost for microbial jazz.,Weekly payroll distribution,47547,Sale,613.61,2025-07-14 18:53:00,0.0,,2002.7,613.61,Accounts Receivable,1100,cart,ğŸ’¸
Compost Collective,Sales Tax,REF-3300,False,Micâ€™d the compost for microbial jazz.,Tractor repair service,28729,Equity Contribution,70.49,2025-07-14 09:14:00,0.0,,3233.0,70.49,Cost of Goods Sold,5000,book,ğŸšœ
Johnny's Seeds,Use Tax,REF-8589,True,Eggplant royalty dispute resolved.,Payment for organic compost delivery,92121,Expense,387.62,2025-07-14 11:39:00,0.0,,2568.36,387.62,Taxes Payable,2200,creditcard,ğŸ§º
USDA,Use Tax,REF-9881,False,"This ainâ€™t the garden of Eden, man.",Payment for organic compost delivery,26593,Payment,0.0,2025-07-14 10:45:00,201.7,CHK-1003,2836.85,201.7,Seeds & Amendments,5100,briefcase,ğŸ”
Tractor Depot,No Tax,REF-5066,False,Eggplant royalty dispute resolved.,Sale at Saturday farmer's market,53707,Invoice,0.0,2025-07-14 08:51:00,44.68,CHK-3083,2784.1,44.68,Accounts Payable,2000,plusminus,ğŸ§º
Zappa Solar,Sales Tax,REF-9378,False,Eggplant royalty dispute resolved.,Sale at Saturday farmer's market,58906,Payment,0.0,2025-07-14 18:43:00,811.14,,3752.92,811.14,Repairs & Maintenance,5400,leaf,ğŸª£
Farm Co-op,Use Tax,REF-3816,True,Beware of the Central Scrutinizer.,Tractor repair service,25884,Payment,285.4,2025-07-14 11:01:00,0.0,CHK-8141,1086.5,285.4,Professional Services,5800,plusminus,ğŸ“Š
Compost Collective,Sales Tax,REF-7925,True,Micâ€™d the compost for microbial jazz.,Payment for organic compost delivery,46683,Equity Contribution,497.81,2025-07-14 10:04:00,0.0,,3653.06,497.81,Accounts Payable,2000,person.crop.circle,ğŸ§º
Compost Collective,Sales Tax,REF-2425,True,"This ainâ€™t the garden of Eden, man.",Purchase of heirloom tomato seeds,69377,Sale,252.36,2025-07-15 14:25:00,0.0,CHK-4575,4989.27,252.36,Accounts Receivable,1100,plusminus,ğŸšœ
USDA,Sales Tax,REF-4682,False,Someone painted the barn plaid again.,Sale at Saturday farmer's market,77742,Sale,0.0,2025-07-15 12:39:00,1089.98,CHK-4472,2650.01,1089.98,Owner's Equity,3000,book,ğŸ¥•
Muffin Utility Inc.,No Tax,REF-2417,False,Eggplant royalty dispute resolved.,Purchase of heirloom tomato seeds,18925,Payment,0.0,2025-07-15 12:48:00,666.43,,3925.93,666.43,Fuel,5300,externaldrive,ğŸ”§
Muffin Utility Inc.,Sales Tax,REF-1167,False,Beware of the Central Scrutinizer.,Payment for organic compost delivery,93655,Tax,0.0,2025-07-15 07:28:00,1116.0,,3288.65,1116.0,Payroll Expenses,5500,cart,ğŸ’¸
USDA,Sales Tax,REF-7903,True,Beware of the Central Scrutinizer.,Purchase of heirloom tomato seeds,63888,Sale,917.22,2025-07-15 08:33:00,0.0,CHK-7508,4330.15,917.22,Payroll Expenses,5500,globe,ğŸ„
Zappa Solar,No Tax,REF-5408,True,Beware of the Central Scrutinizer.,Purchase of heirloom tomato seeds,68892,Payroll,0.0,2025-07-15 16:13:00,513.27,,2045.94,513.27,Repairs & Maintenance,5400,book,ğŸ”§
Tractor Depot,No Tax,REF-3370,True,"This ainâ€™t the garden of Eden, man.",Weekly payroll distribution,93647,Expense,119.94,2025-07-15 18:02:00,0.0,CHK-9111,3312.98,119.94,Repairs & Maintenance,5400,gear,ğŸšœ
Muffin Utility Inc.,No Tax,REF-5291,True,Someone painted the barn plaid again.,Utility payment: irrigation pump,79026,Payment,1168.69,2025-07-15 14:27:00,0.0,,2577.66,1168.69,Prepaid Expenses,1300,tractor,ğŸ“¦
Compost Collective,Sales Tax,REF-7854,True,Someone painted the barn plaid again.,Utility payment: irrigation pump,66547,Payroll,0.0,2025-07-15 13:07:00,111.91,CHK-7042,2711.06,111.91,Cash,1000,calendar,ğŸ”§
Compost Collective,Sales Tax,REF-1112,True,Paid in kale chips and weird looks.,Utility payment: irrigation pump,21664,Equity Contribution,0.0,2025-07-15 12:34:00,989.6,,2733.27,989.6,Repairs & Maintenance,5400,hammer,ğŸ”
Farm Co-op,Use Tax,REF-7071,True,Micâ€™d the compost for microbial jazz.,Sale at Saturday farmer's market,91454,Expense,573.94,2025-07-15 17:02:00,0.0,,2846.1,573.94,Taxes Payable,2200,person.crop.circle,ğŸ§¾
Johnny's Seeds,Sales Tax,REF-5691,True,Beware of the Central Scrutinizer.,Weekly payroll distribution,95482,Expense,0.0,2025-07-15 09:53:00,1178.63,CHK-6865,1606.66,1178.63,Seeds & Amendments,5100,bag,ğŸšœ
USDA,No Tax,REF-3566,False,Eggplant royalty dispute resolved.,Purchase of heirloom tomato seeds,80148,Sale,0.0,2025-07-15 11:36:00,213.35,,2809.55,213.35,Sales - Value-Added Goods,4100,cart,ğŸ§º
USDA,No Tax,REF-6412,False,Eggplant royalty dispute resolved.,Utility payment: irrigation pump,11034,Sale,0.0,2025-07-15 17:00:00,1059.67,,1213.88,1059.67,Insurance,5900,doc.plaintext,ğŸ“¦
Zappa Solar,Sales Tax,REF-1921,True,Paid in kale chips and weird looks.,Tractor repair service,53082,Invoice,1162.49,2025-07-15 13:42:00,0.0,CHK-5167,1307.91,1162.49,Payroll Expenses,5500,leaf,ğŸ…
Compost Collective,No Tax,REF-6105,False,Micâ€™d the compost for microbial jazz.,Sale at Saturday farmer's market,42540,Payroll,97.32,2025-07-15 09:22:00,0.0,CHK-1879,1131.4,97.32,Payroll Expenses,5500,tray,ğŸ“…
Johnny's Seeds,Use Tax,REF-2949,True,Billy the Mountain requested cash.,Equity contribution by Frank,54637,Equity Contribution,0.0,2025-07-15 15:44:00,1067.08,,3395.35,1067.08,Payroll Expenses,5500,briefcase,ğŸ’¼
Compost Collective,Sales Tax,REF-8050,False,"This ainâ€™t the garden of Eden, man.",Payment for organic compost delivery,41728,Tax,572.27,2025-07-15 12:29:00,0.0,CHK-8696,1782.21,572.27,Marketing & Promotion,5700,bag,ğŸª£
Farm Co-op,Use Tax,REF-7098,False,Micâ€™d the compost for microbial jazz.,Tractor repair service,52608,Invoice,0.0,2025-07-15 15:40:00,864.78,,2621.53,864.78,Fertilizer & Compost,5200,gear,ğŸ§º
Compost Collective,No Tax,REF-9329,False,Micâ€™d the compost for microbial jazz.,Sale at Saturday farmer's market,35219,Payment,301.79,2025-07-15 12:46:00,0.0,,2547.94,301.79,Sales - Produce,4000,folder,ğŸ„
Muffin Utility Inc.,Use Tax,REF-9657,True,Paid in kale chips and weird looks.,Sale at Saturday farmer's market,55134,Payment,600.58,2025-07-15 13:28:00,0.0,CHK-2608,4830.65,600.58,Repairs & Maintenance,5400,book,ğŸ”§
Johnny's Seeds,Use Tax,REF-9067,False,Billy the Mountain requested cash.,Weekly payroll distribution,40483,Invoice,0.0,2025-07-15 11:08:00,1136.04,CHK-1509,4412.47,1136.04,Prepaid Expenses,1300,creditcard,ğŸ’¸
Johnny's Seeds,No Tax,REF-6563,True,Micâ€™d the compost for microbial jazz.,Weekly payroll distribution,75266,Expense,843.97,2025-07-15 10:42:00,0.0,CHK-6724,1415.97,843.97,Accounts Payable,2000,gear,ğŸ“¦
Tractor Depot,No Tax,REF-2632,False,Micâ€™d the compost for microbial jazz.,Equity contribution by Frank,48727,Sale,1058.75,2025-07-15 16:45:00,0.0,CHK-7710,2169.32,1058.75,Marketing & Promotion,5700,briefcase,ğŸ”
Zappa Solar,Use Tax,REF-6417,False,Billy the Mountain requested cash.,Utility payment: irrigation pump,33592,Expense,0.0,2025-07-15 10:38:00,369.5,CHK-5486,2865.32,369.5,Seeds & Amendments,5100,calendar,ğŸª£
Compost Collective,Use Tax,REF-5033,True,Beware of the Central Scrutinizer.,Purchase of heirloom tomato seeds,24576,Expense,0.0,2025-07-15 10:32:00,637.15,CHK-1723,2058.17,637.15,Taxes Payable,2200,hammer,ğŸ
Farm Co-op,Use Tax,REF-1439,True,Beware of the Central Scrutinizer.,Payment for organic compost delivery,15782,Equity Contribution,0.0,2025-07-15 13:02:00,382.99,,3529.08,382.99,Inventory,1200,cart,ğŸ“Š
Compost Collective,Sales Tax,REF-6464,False,Micâ€™d the compost for microbial jazz.,Equity contribution by Frank,21358,Sale,1128.29,2025-07-15 14:55:00,0.0,CHK-2136,3359.76,1128.29,Accounts Payable,2000,globe,ğŸšœ
USDA,Sales Tax,REF-3857,True,Eggplant royalty dispute resolved.,Utility payment: irrigation pump,34171,Invoice,421.41,2025-07-15 17:52:00,0.0,,2094.03,421.41,Sales - Value-Added Goods,4100,creditcard,ğŸ”§
Farm Co-op,No Tax,REF-5031,True,"This ainâ€™t the garden of Eden, man.",Equity contribution by Frank,18509,Payroll,821.51,2025-07-15 13:35:00,0.0,CHK-3908,2161.57,821.51,Seeds & Amendments,5100,wrench,ğŸ’¼
Compost Collective,Use Tax,REF-1666,True,Beware of the Central Scrutinizer.,Equity contribution by Frank,20617,Tax,970.99,2025-07-15 13:56:00,0.0,CHK-3472,2104.25,970.99,Sales - Produce,4000,briefcase,ğŸ§¾
Farm Co-op,Use Tax,REF-6974,True,Eggplant royalty dispute resolved.,Purchase of heirloom tomato seeds,26126,Payroll,0.0,2025-07-15 12:04:00,526.34,CHK-8849,2350.42,526.34,Depreciation,6000,bag,ğŸŒ±
Zappa Solar,Sales Tax,REF-9661,True,Micâ€™d the compost for microbial jazz.,Weekly payroll distribution,25727,Payment,0.0,2025-07-15 17:00:00,894.9,,1193.86,894.9,Sales - Value-Added Goods,4100,folder,ğŸšœ
Muffin Utility Inc.,Use Tax,REF-6682,True,Micâ€™d the compost for microbial jazz.,Purchase of heirloom tomato seeds,33712,Expense,430.72,2025-07-15 12:58:00,0.0,CHK-4089,1022.8,430.72,Payroll Expenses,5500,creditcard,ğŸ…
Muffin Utility Inc.,Sales Tax,REF-9859,True,Beware of the Central Scrutinizer.,Sale at Saturday farmer's market,94685,Expense,281.04,2025-07-15 07:50:00,0.0,CHK-2732,4515.33,281.04,Taxes Payable,2200,bag,ğŸŒ±
Compost Collective,Sales Tax,REF-7663,False,Eggplant royalty dispute resolved.,Equity contribution by Frank,96142,Equity Contribution,831.65,2025-07-15 07:33:00,0.0,CHK-1745,1336.1,831.65,Payroll Expenses,5500,doc.plaintext,ğŸŒ±
Zappa Solar,Sales Tax,REF-6616,False,Paid in kale chips and weird looks.,Equity contribution by Frank,73151,Sale,0.0,2025-07-15 11:06:00,971.4,CHK-6669,2898.65,971.4,Cash,1000,cart,ğŸ§¾
USDA,Sales Tax,REF-6109,True,Eggplant royalty dispute resolved.,Weekly payroll distribution,41136,Tax,1046.94,2025-07-15 14:25:00,0.0,,1341.62,1046.94,Prepaid Expenses,1300,gear,ğŸ”§
Tractor Depot,Use Tax,REF-4473,True,Billy the Mountain requested cash.,Utility payment: irrigation pump,14628,Payment,0.0,2025-07-15 18:24:00,372.67,,4383.82,372.67,Sales - Produce,4000,cart,ğŸ…
Compost Collective,Sales Tax,REF-5946,False,"This ainâ€™t the garden of Eden, man.",Weekly payroll distribution,70805,Expense,825.28,2025-07-15 16:05:00,0.0,,2770.64,825.28,Utilities,5600,book,ğŸ¥•
Johnny's Seeds,Sales Tax,REF-9505,True,Beware of the Central Scrutinizer.,Tractor repair service,43628,Invoice,0.0,2025-07-15 15:21:00,64.07,,3240.06,64.07,Professional Services,5800,tractor,ğŸ“…
USDA,Use Tax,REF-2716,False,Paid in kale chips and weird looks.,Purchase of heirloom tomato seeds,68722,Tax,521.72,2025-07-15 13:38:00,0.0,,4899.09,521.72,Payroll Expenses,5500,briefcase,ğŸ› 
Zappa Solar,Use Tax,REF-5151,True,Paid in kale chips and weird looks.,Weekly payroll distribution,51911,Expense,0.0,2025-07-15 16:14:00,775.13,CHK-5578,1965.3,775.13,Cash,1000,globe,ğŸ› 
Compost Collective,Use Tax,REF-3614,True,Someone painted the barn plaid again.,Equity contribution by Frank,89325,Equity Contribution,0.0,2025-07-15 10:44:00,952.88,CHK-9433,2764.74,952.88,Owner's Equity,3000,bag,ğŸ“…
Muffin Utility Inc.,No Tax,REF-3379,True,Micâ€™d the compost for microbial jazz.,Sale at Saturday farmer's market,44124,Expense,480.32,2025-07-15 07:14:00,0.0,CHK-4675,4002.52,480.32,Seeds & Amendments,5100,hammer,ğŸ
Johnny's Seeds,No Tax,REF-1247,True,Paid in kale chips and weird looks.,Weekly payroll distribution,85878,Payroll,257.29,2025-07-15 18:04:00,0.0,,4874.42,257.29,Seeds & Amendments,5100,wrench,ğŸ”§
Farm Co-op,Use Tax,REF-6753,False,Beware of the Central Scrutinizer.,Equity contribution by Frank,55768,Payroll,0.0,2025-07-15 18:53:00,69.26,CHK-8203,3687.55,69.26,Cash,1000,hammer,ğŸ“¦
USDA,Use Tax,REF-8049,False,Beware of the Central Scrutinizer.,Equity contribution by Frank,95775,Invoice,883.92,2025-07-15 18:27:00,0.0,CHK-9874,4599.49,883.92,Accounts Payable,2000,externaldrive,ğŸ¡
Zappa Solar,No Tax,REF-9109,False,Eggplant royalty dispute resolved.,Payment for organic compost delivery,35057,Invoice,819.69,2025-07-15 18:13:00,0.0,CHK-1102,3451.3,819.69,Payroll Expenses,5500,creditcard,ğŸ› 
USDA,Sales Tax,REF-4028,False,Billy the Mountain requested cash.,Utility payment: irrigation pump,79079,Expense,0.0,2025-07-16 17:45:00,152.07,,3537.79,152.07,Wages Payable,2100,calendar,ğŸ“Š
Tractor Depot,Use Tax,REF-5724,False,Someone painted the barn plaid again.,Sale at Saturday farmer's market,29495,Sale,638.84,2025-07-16 07:10:00,0.0,CHK-6058,2690.29,638.84,Depreciation,6000,person.crop.circle,ğŸ“¦
Johnny's Seeds,Sales Tax,REF-5489,False,Someone painted the barn plaid again.,Tractor repair service,20131,Sale,0.0,2025-07-16 10:09:00,1026.84,,3232.77,1026.84,Owner's Equity,3000,creditcard,ğŸ…
Farm Co-op,Use Tax,REF-3114,False,Beware of the Central Scrutinizer.,Payment for organic compost delivery,46001,Payroll,949.47,2025-07-16 16:25:00,0.0,,4534.08,949.47,Insurance,5900,leaf,ğŸ¡
Zappa Solar,No Tax,REF-3071,True,Billy the Mountain requested cash.,Utility payment: irrigation pump,98150,Payroll,0.0,2025-07-16 11:58:00,809.01,CHK-3475,1623.83,809.01,Depreciation,6000,creditcard,ğŸ“Š
Johnny's Seeds,Sales Tax,REF-7202,True,Billy the Mountain requested cash.,Sale at Saturday farmer's market,29191,Payment,339.3,2025-07-16 09:32:00,0.0,,1112.1,339.3,Cost of Goods Sold,5000,tractor,ğŸ› 
Johnny's Seeds,No Tax,REF-7357,True,"This ainâ€™t the garden of Eden, man.",Purchase of heirloom tomato seeds,45987,Invoice,0.0,2025-07-16 18:25:00,700.76,,3865.29,700.76,Fuel,5300,bag,ğŸ§‘â€ğŸŒ¾
Tractor Depot,Use Tax,REF-7623,False,Someone painted the barn plaid again.,Utility payment: irrigation pump,64028,Invoice,635.48,2025-07-16 10:11:00,0.0,CHK-1023,2267.9,635.48,Fuel,5300,creditcard,ğŸ”§
Farm Co-op,Sales Tax,REF-4653,False,Billy the Mountain requested cash.,Purchase of heirloom tomato seeds,57611,Payment,689.21,2025-07-16 17:59:00,0.0,,2816.23,689.21,Sales - Produce,4000,briefcase,ğŸ› 
Johnny's Seeds,No Tax,REF-7745,True,Eggplant royalty dispute resolved.,Equity contribution by Frank,74077,Payment,0.0,2025-07-16 12:13:00,775.37,CHK-8554,3898.0,775.37,Prepaid Expenses,1300,globe,ğŸ§º
Zappa Solar,No Tax,REF-3762,False,Someone painted the barn plaid again.,Utility payment: irrigation pump,36200,Sale,459.89,2025-07-16 15:57:00,0.0,CHK-6393,3410.73,459.89,Cash,1000,tractor,ğŸ„
Muffin Utility Inc.,Use Tax,REF-4398,False,"This ainâ€™t the garden of Eden, man.",Equity contribution by Frank,37603,Equity Contribution,1104.17,2025-07-16 15:38:00,0.0,,3988.6,1104.17,Utilities,5600,person.crop.circle,ğŸ¥•
Zappa Solar,No Tax,REF-8558,False,Beware of the Central Scrutinizer.,Equity contribution by Frank,24037,Sale,0.0,2025-07-16 16:56:00,791.8,CHK-3135,1091.86,791.8,Fuel,5300,cart,ğŸ§¾
Tractor Depot,No Tax,REF-8679,False,Someone painted the barn plaid again.,Weekly payroll distribution,94554,Expense,0.0,2025-07-16 08:45:00,545.08,CHK-8311,1581.94,545.08,Fertilizer & Compost,5200,briefcase,ğŸ› 
Farm Co-op,Use Tax,REF-6338,True,Micâ€™d the compost for microbial jazz.,Payment for organic compost delivery,84683,Sale,1102.5,2025-07-16 18:25:00,0.0,,1263.23,1102.5,Seeds & Amendments,5100,book,ğŸª£
USDA,No Tax,REF-9678,False,Paid in kale chips and weird looks.,Purchase of heirloom tomato seeds,13293,Sale,618.9,2025-07-16 13:33:00,0.0,CHK-6265,2675.6,618.9,Prepaid Expenses,1300,hammer,ğŸŒ½
Zappa Solar,No Tax,REF-8291,False,Billy the Mountain requested cash.,Sale at Saturday farmer's market,27958,Payment,583.76,2025-07-16 12:51:00,0.0,,4260.76,583.76,Taxes Payable,2200,creditcard,ğŸ
USDA,No Tax,REF-5157,False,Someone painted the barn plaid again.,Weekly payroll distribution,59796,Tax,600.86,2025-07-16 10:49:00,0.0,CHK-1127,2629.46,600.86,Taxes Payable,2200,dollarsign.circle,ğŸŒ½
Muffin Utility Inc.,Sales Tax,REF-4897,True,Paid in kale chips and weird looks.,Sale at Saturday farmer's market,49973,Expense,119.14,2025-07-16 15:31:00,0.0,,3810.94,119.14,Inventory,1200,dollarsign.circle,ğŸ¡
USDA,Sales Tax,REF-9713,False,"This ainâ€™t the garden of Eden, man.",Sale at Saturday farmer's market,24109,Payroll,0.0,2025-07-16 17:14:00,1067.4,,3003.92,1067.4,Payroll Expenses,5500,externaldrive,ğŸ§¾
USDA,No Tax,REF-1796,True,Paid in kale chips and weird looks.,Sale at Saturday farmer's market,45600,Payroll,0.0,2025-07-16 14:59:00,395.86,,2304.29,395.86,Owner's Equity,3000,gear,ğŸ¥•
USDA,Use Tax,REF-1181,False,Someone painted the barn plaid again.,Sale at Saturday farmer's market,79473,Payroll,925.65,2025-07-16 10:47:00,0.0,CHK-7256,4046.77,925.65,Accounts Payable,2000,globe,ğŸ“Š
Compost Collective,No Tax,REF-2925,True,Micâ€™d the compost for microbial jazz.,Tractor repair service,62150,Invoice,0.0,2025-07-16 13:29:00,142.51,,4127.3,142.51,Cash,1000,wrench,ğŸŒ±
Farm Co-op,No Tax,REF-4079,True,Micâ€™d the compost for microbial jazz.,Purchase of heirloom tomato seeds,90602,Payment,987.18,2025-07-16 14:57:00,0.0,,3599.38,987.18,Taxes Payable,2200,bag,ğŸ
Tractor Depot,Use Tax,REF-7506,True,Beware of the Central Scrutinizer.,Payment for organic compost delivery,72520,Tax,0.0,2025-07-16 17:35:00,838.8,CHK-3247,1626.01,838.8,Accounts Payable,2000,book,ğŸ¡
Farm Co-op,No Tax,REF-3762,False,Someone painted the barn plaid again.,Equity contribution by Frank,81850,Sale,0.0,2025-07-16 16:19:00,618.52,,2655.19,618.52,Taxes Payable,2200,globe,ğŸ„
Zappa Solar,Sales Tax,REF-9165,False,Someone painted the barn plaid again.,Tractor repair service,85887,Sale,0.0,2025-07-16 10:42:00,1047.57,CHK-2576,4965.37,1047.57,Fuel,5300,folder,ğŸ…
Farm Co-op,Use Tax,REF-1730,False,Someone painted the barn plaid again.,Tractor repair service,50625,Expense,70.53,2025-07-16 17:31:00,0.0,CHK-9908,1481.53,70.53,Wages Payable,2100,globe,ğŸŒ±
Compost Collective,Sales Tax,REF-3357,True,Billy the Mountain requested cash.,Tractor repair service,78945,Sale,358.38,2025-07-16 09:31:00,0.0,CHK-3159,1263.83,358.38,Accounts Payable,2000,bag,ğŸŒ½
Johnny's Seeds,No Tax,REF-2741,False,Beware of the Central Scrutinizer.,Utility payment: irrigation pump,39988,Tax,0.0,2025-07-16 14:24:00,216.7,,3312.03,216.7,Cash,1000,wrench,ğŸ§º
Johnny's Seeds,No Tax,REF-2342,True,Beware of the Central Scrutinizer.,Tractor repair service,27272,Expense,1161.09,2025-07-16 17:37:00,0.0,CHK-3094,1154.97,1161.09,Insurance,5900,creditcard,ğŸ
Johnny's Seeds,Sales Tax,REF-3370,False,Eggplant royalty dispute resolved.,Purchase of heirloom tomato seeds,65183,Sale,854.05,2025-07-16 15:48:00,0.0,CHK-8598,2009.95,854.05,Fertilizer & Compost,5200,chart.bar,ğŸ§¾
Tractor Depot,Sales Tax,REF-9076,False,Micâ€™d the compost for microbial jazz.,Utility payment: irrigation pump,17437,Payment,0.0,2025-07-16 16:52:00,1078.64,CHK-5723,3263.31,1078.64,Professional Services,5800,person.crop.circle,ğŸ§¾
Johnny's Seeds,No Tax,REF-8434,False,Paid in kale chips and weird looks.,Utility payment: irrigation pump,79437,Sale,0.0,2025-07-16 18:29:00,489.61,CHK-5327,1674.97,489.61,Depreciation,6000,calendar,ğŸ
Tractor Depot,Sales Tax,REF-4518,True,Billy the Mountain requested cash.,Tractor repair service,21776,Invoice,271.4,2025-07-16 16:05:00,0.0,,4819.85,271.4,Accounts Payable,2000,person.crop.circle,ğŸ’¼
Johnny's Seeds,Use Tax,REF-3309,True,Billy the Mountain requested cash.,Equity contribution by Frank,67129,Tax,43.21,2025-07-16 17:10:00,0.0,,3227.89,43.21,Depreciation,6000,gear,ğŸ› 
Johnny's Seeds,No Tax,REF-6210,True,Billy the Mountain requested cash.,Weekly payroll distribution,51514,Payment,0.0,2025-07-16 07:45:00,443.48,,4435.88,443.48,Utilities,5600,plusminus,ğŸª£
Compost Collective,No Tax,REF-6472,True,Billy the Mountain requested cash.,Weekly payroll distribution,71669,Payment,306.36,2025-07-16 17:44:00,0.0,,4911.43,306.36,Utilities,5600,folder,ğŸ”§
Tractor Depot,No Tax,REF-8447,True,Billy the Mountain requested cash.,Utility payment: irrigation pump,52391,Payroll,1101.85,2025-07-16 17:49:00,0.0,,3783.64,1101.85,Marketing & Promotion,5700,book,ğŸšœ
USDA,Sales Tax,REF-9407,True,Micâ€™d the compost for microbial jazz.,Purchase of heirloom tomato seeds,89159,Expense,0.0,2025-07-16 16:55:00,480.22,,4165.22,480.22,Inventory,1200,book,ğŸŒ±
USDA,Use Tax,REF-6677,True,Paid in kale chips and weird looks.,Sale at Saturday farmer's market,88210,Payroll,890.04,2025-07-16 16:44:00,0.0,,3094.28,890.04,Seeds & Amendments,5100,bag,ğŸ§º
Tractor Depot,No Tax,REF-6077,False,Beware of the Central Scrutinizer.,Sale at Saturday farmer's market,59250,Expense,0.0,2025-07-16 12:07:00,548.86,CHK-4643,4760.46,548.86,Sales - Value-Added Goods,4100,plusminus,ğŸ”§
Compost Collective,No Tax,REF-1290,False,Billy the Mountain requested cash.,Payment for organic compost delivery,72149,Tax,0.0,2025-07-16 07:14:00,1121.12,CHK-1934,1572.71,1121.12,Cash,1000,gear,ğŸ”§
Compost Collective,Sales Tax,REF-4391,True,Micâ€™d the compost for microbial jazz.,Payment for organic compost delivery,53966,Payroll,0.0,2025-07-16 10:45:00,571.96,,2657.34,571.96,Repairs & Maintenance,5400,cart,ğŸ› 
Muffin Utility Inc.,No Tax,REF-4616,False,Billy the Mountain requested cash.,Sale at Saturday farmer's market,20400,Expense,0.0,2025-07-16 07:24:00,308.89,,2335.93,308.89,Professional Services,5800,doc.plaintext,ğŸ”§
Muffin Utility Inc.,Use Tax,REF-9366,False,Beware of the Central Scrutinizer.,Utility payment: irrigation pump,95888,Invoice,0.0,2025-07-16 16:35:00,599.13,CHK-6154,2105.4,599.13,Cost of Goods Sold,5000,dollarsign.circle,ğŸ„
Zappa Solar,No Tax,REF-6878,False,Paid in kale chips and weird looks.,Payment for organic compost delivery,94355,Tax,886.44,2025-07-16 15:07:00,0.0,CHK-1190,2479.34,886.44,Professional Services,5800,gear,ğŸŒ±
Muffin Utility Inc.,Sales Tax,REF-7827,False,Someone painted the barn plaid again.,Sale at Saturday farmer's market,92860,Sale,112.79,2025-07-16 15:45:00,0.0,CHK-5148,4598.17,112.79,Payroll Expenses,5500,briefcase,ğŸ„
Compost Collective,Sales Tax,REF-2495,True,Beware of the Central Scrutinizer.,Equity contribution by Frank,55656,Sale,303.83,2025-07-16 16:54:00,0.0,,1681.2,303.83,Cash,1000,book,ğŸŒ½
Tractor Depot,Use Tax,REF-3343,True,Beware of the Central Scrutinizer.,Tractor repair service,49118,Payment,674.31,2025-07-16 18:36:00,0.0,,3726.22,674.31,Accounts Receivable,1100,calendar,ğŸ„
Tractor Depot,Use Tax,REF-6787,True,Paid in kale chips and weird looks.,Utility payment: irrigation pump,13828,Equity Contribution,0.0,2025-07-16 13:44:00,245.01,,1224.14,245.01,Fertilizer & Compost,5200,gear,ğŸ§º
Tractor Depot,No Tax,REF-8509,False,Beware of the Central Scrutinizer.,Payment for organic compost delivery,81345,Tax,0.0,2025-07-16 07:09:00,1004.1,CHK-7491,4729.61,1004.1,Cost of Goods Sold,5000,tray,ğŸ”
Muffin Utility Inc.,Sales Tax,REF-4458,True,Micâ€™d the compost for microbial jazz.,Weekly payroll distribution,68029,Expense,132.37,2025-07-16 11:28:00,0.0,CHK-5399,1479.36,132.37,Cost of Goods Sold,5000,calendar,ğŸ”
Johnny's Seeds,No Tax,REF-8634,True,Micâ€™d the compost for microbial jazz.,Sale at Saturday farmer's market,73803,Expense,248.79,2025-07-16 14:40:00,0.0,,1090.37,248.79,Sales - Produce,4000,cart,ğŸ§º
USDA,No Tax,REF-2695,True,Someone painted the barn plaid again.,Equity contribution by Frank,39469,Invoice,945.68,2025-07-16 18:10:00,0.0,,4698.1,945.68,Accounts Payable,2000,gear,ğŸšœ
Muffin Utility Inc.,Sales Tax,REF-3259,False,Billy the Mountain requested cash.,Weekly payroll distribution,40995,Sale,0.0,2025-07-16 10:30:00,1054.54,,3974.42,1054.54,Depreciation,6000,folder,ğŸ“…
Tractor Depot,Sales Tax,REF-4682,False,Beware of the Central Scrutinizer.,Payment for organic compost delivery,86308,Equity Contribution,725.02,2025-07-16 15:24:00,0.0,CHK-9415,2552.18,725.02,Marketing & Promotion,5700,tractor,ğŸ› 
USDA,Sales Tax,REF-8620,True,Billy the Mountain requested cash.,Weekly payroll distribution,13661,Equity Contribution,0.0,2025-07-16 12:22:00,1098.84,,1668.84,1098.84,Owner's Equity,3000,bag,ğŸ’¸
Compost Collective,No Tax,REF-8987,True,Someone painted the barn plaid again.,Utility payment: irrigation pump,73603,Payroll,235.63,2025-07-16 09:25:00,0.0,,1080.27,235.63,Sales - Produce,4000,bag,ğŸŒ±
Tractor Depot,Sales Tax,REF-9907,False,Micâ€™d the compost for microbial jazz.,Utility payment: irrigation pump,85960,Invoice,799.61,2025-07-16 08:47:00,0.0,CHK-7114,4360.08,799.61,Sales - Value-Added Goods,4100,book,ğŸ“Š
USDA,Use Tax,REF-7417,True,Eggplant royalty dispute resolved.,Weekly payroll distribution,99537,Expense,0.0,2025-07-16 09:20:00,855.59,,3254.13,855.59,Marketing & Promotion,5700,chart.bar,ğŸ§‘â€ğŸŒ¾
Compost Collective,Use Tax,REF-3623,False,Paid in kale chips and weird looks.,Payment for organic compost delivery,68700,Payroll,616.44,2025-07-16 13:16:00,0.0,CHK-5018,2724.94,616.44,Prepaid Expenses,1300,bag,ğŸ“¦
Johnny's Seeds,Sales Tax,REF-8037,False,Eggplant royalty dispute resolved.,Purchase of heirloom tomato seeds,17646,Payroll,0.0,2025-07-16 08:40:00,975.77,CHK-2497,3895.06,975.77,Accounts Receivable,1100,creditcard,ğŸ’¼
Compost Collective,No Tax,REF-5592,False,"This ainâ€™t the garden of Eden, man.",Tractor repair service,45811,Expense,927.39,2025-07-16 11:49:00,0.0,,3203.78,927.39,Cash,1000,calendar,ğŸ’¸
Muffin Utility Inc.,Use Tax,REF-3801,False,Eggplant royalty dispute resolved.,Purchase of heirloom tomato seeds,63962,Invoice,0.0,2025-07-16 09:05:00,135.79,,3286.66,135.79,Wages Payable,2100,calendar,ğŸ“¦
Compost Collective,No Tax,REF-9066,True,Micâ€™d the compost for microbial jazz.,Weekly payroll distribution,77994,Tax,0.0,2025-07-17 18:22:00,871.4,CHK-6248,3166.61,871.4,Utilities,5600,tractor,ğŸŒ½
Compost Collective,No Tax,REF-1032,False,Micâ€™d the compost for microbial jazz.,Tractor repair service,19336,Sale,0.0,2025-07-17 14:17:00,440.62,,4215.41,440.62,Payroll Expenses,5500,person.crop.circle,ğŸ› 
Muffin Utility Inc.,Sales Tax,REF-2195,False,"This ainâ€™t the garden of Eden, man.",Purchase of heirloom tomato seeds,89438,Equity Contribution,331.94,2025-07-17 08:07:00,0.0,,4265.07,331.94,Marketing & Promotion,5700,doc.plaintext,ğŸ§¾
Compost Collective,Sales Tax,REF-5679,False,Someone painted the barn plaid again.,Utility payment: irrigation pump,78725,Payment,977.7,2025-07-17 15:33:00,0.0,,1024.65,977.7,Fertilizer & Compost,5200,tractor,ğŸ§º
Farm Co-op,Sales Tax,REF-6668,True,Someone painted the barn plaid again.,Tractor repair service,76701,Sale,734.06,2025-07-17 11:11:00,0.0,CHK-8694,1349.38,734.06,Accounts Payable,2000,hammer,ğŸšœ
Johnny's Seeds,Use Tax,REF-3968,False,Billy the Mountain requested cash.,Equity contribution by Frank,73536,Expense,39.92,2025-07-17 14:23:00,0.0,,4287.38,39.92,Taxes Payable,2200,cart,ğŸ’¸
Compost Collective,No Tax,REF-7854,True,Paid in kale chips and weird looks.,Purchase of heirloom tomato seeds,72255,Sale,158.77,2025-07-17 15:38:00,0.0,CHK-4420,3454.92,158.77,Depreciation,6000,plusminus,ğŸ
Muffin Utility Inc.,Use Tax,REF-6713,True,"This ainâ€™t the garden of Eden, man.",Sale at Saturday farmer's market,77283,Payroll,0.0,2025-07-17 16:53:00,580.37,CHK-2444,3536.0,580.37,Fuel,5300,doc.plaintext,ğŸ’¸
Zappa Solar,Use Tax,REF-8799,False,Eggplant royalty dispute resolved.,Utility payment: irrigation pump,10357,Invoice,807.13,2025-07-17 17:45:00,0.0,,4614.03,807.13,Accounts Receivable,1100,externaldrive,ğŸ§¾
Tractor Depot,Use Tax,REF-6064,False,Beware of the Central Scrutinizer.,Utility payment: irrigation pump,45444,Equity Contribution,98.66,2025-07-17 11:13:00,0.0,CHK-9146,3516.27,98.66,Sales - Produce,4000,person.crop.circle,ğŸ’¼
Farm Co-op,Use Tax,REF-3736,False,Beware of the Central Scrutinizer.,Weekly payroll distribution,10850,Sale,0.0,2025-07-17 15:11:00,443.27,,1105.22,443.27,Cash,1000,creditcard,ğŸ’¼
Compost Collective,Use Tax,REF-2011,True,Paid in kale chips and weird looks.,Payment for organic compost delivery,50301,Payroll,145.86,2025-07-17 10:51:00,0.0,,3456.3,145.86,Accounts Receivable,1100,gear,ğŸ„
Tractor Depot,No Tax,REF-3368,True,Beware of the Central Scrutinizer.,Equity contribution by Frank,82926,Payroll,380.2,2025-07-17 13:41:00,0.0,,3860.47,380.2,Taxes Payable,2200,tractor,ğŸŒ½
Muffin Utility Inc.,Sales Tax,REF-8475,True,"This ainâ€™t the garden of Eden, man.",Payment for organic compost delivery,91240,Expense,0.0,2025-07-17 16:40:00,690.39,CHK-6915,4270.29,690.39,Depreciation,6000,tractor,ğŸ”
Tractor Depot,No Tax,REF-3447,False,Eggplant royalty dispute resolved.,Utility payment: irrigation pump,56134,Payroll,0.0,2025-07-17 09:01:00,627.34,CHK-9475,2684.6,627.34,Sales - Value-Added Goods,4100,doc.plaintext,ğŸª£
Muffin Utility Inc.,Use Tax,REF-2707,False,Someone painted the barn plaid again.,Sale at Saturday farmer's market,29459,Tax,1118.38,2025-07-17 16:05:00,0.0,,2708.81,1118.38,Cost of Goods Sold,5000,externaldrive,ğŸ¡
Muffin Utility Inc.,No Tax,REF-3670,False,Billy the Mountain requested cash.,Payment for organic compost delivery,18512,Payment,0.0,2025-07-17 15:32:00,952.68,CHK-8344,2602.03,952.68,Marketing & Promotion,5700,chart.bar,ğŸ§¾
Compost Collective,Sales Tax,REF-4204,False,Billy the Mountain requested cash.,Purchase of heirloom tomato seeds,70518,Payment,0.0,2025-07-17 07:35:00,387.16,,2485.12,387.16,Payroll Expenses,5500,tractor,ğŸ”
Zappa Solar,No Tax,REF-4190,False,"This ainâ€™t the garden of Eden, man.",Tractor repair service,63512,Sale,0.0,2025-07-17 13:45:00,465.67,,4183.33,465.67,Fuel,5300,globe,ğŸª£
Compost Collective,Use Tax,REF-5145,False,Billy the Mountain requested cash.,Purchase of heirloom tomato seeds,94849,Equity Contribution,0.0,2025-07-17 12:13:00,705.89,,1506.08,705.89,Repairs & Maintenance,5400,book,ğŸ
Tractor Depot,Sales Tax,REF-9302,False,Someone painted the barn plaid again.,Purchase of heirloom tomato seeds,45646,Sale,0.0,2025-07-17 14:15:00,950.78,CHK-7739,3723.28,950.78,Cash,1000,briefcase,ğŸ§º
USDA,Sales Tax,REF-6569,True,Paid in kale chips and weird looks.,Equity contribution by Frank,93944,Sale,785.48,2025-07-17 16:36:00,0.0,,4495.19,785.48,Wages Payable,2100,globe,ğŸ¥•
USDA,Use Tax,REF-7629,False,Beware of the Central Scrutinizer.,Equity contribution by Frank,45579,Expense,1139.08,2025-07-17 07:07:00,0.0,CHK-5426,2453.22,1139.08,Fertilizer & Compost,5200,tractor,ğŸŒ±
Tractor Depot,Use Tax,REF-5957,False,Someone painted the barn plaid again.,Purchase of heirloom tomato seeds,66407,Equity Contribution,1161.84,2025-07-17 08:57:00,0.0,,4628.03,1161.84,Seeds & Amendments,5100,hammer,ğŸª£
Johnny's Seeds,Sales Tax,REF-1799,False,Billy the Mountain requested cash.,Purchase of heirloom tomato seeds,86140,Expense,0.0,2025-07-17 12:34:00,347.84,CHK-3991,4700.9,347.84,Payroll Expenses,5500,wrench,ğŸŒ½
Tractor Depot,Use Tax,REF-1813,True,Eggplant royalty dispute resolved.,Payment for organic compost delivery,39098,Expense,1131.79,2025-07-17 08:38:00,0.0,CHK-7340,4751.31,1131.79,Fuel,5300,leaf,ğŸ› 
Tractor Depot,No Tax,REF-9819,False,Micâ€™d the compost for microbial jazz.,Weekly payroll distribution,83097,Payment,491.0,2025-07-17 07:32:00,0.0,CHK-3237,3340.96,491.0,Prepaid Expenses,1300,plusminus,ğŸ…
Johnny's Seeds,No Tax,REF-4714,False,Micâ€™d the compost for microbial jazz.,Tractor repair service,16283,Payroll,0.0,2025-07-17 17:31:00,562.02,CHK-9886,2348.73,562.02,Seeds & Amendments,5100,calendar,ğŸ„
USDA,Use Tax,REF-6099,False,"This ainâ€™t the garden of Eden, man.",Equity contribution by Frank,82884,Expense,0.0,2025-07-17 10:37:00,1099.09,,2402.56,1099.09,Cost of Goods Sold,5000,tractor,ğŸŒ½
Compost Collective,Use Tax,REF-8971,False,Someone painted the barn plaid again.,Payment for organic compost delivery,63133,Sale,741.22,2025-07-17 15:48:00,0.0,CHK-1192,2820.26,741.22,Depreciation,6000,book,ğŸ§º
Zappa Solar,Use Tax,REF-8148,True,Paid in kale chips and weird looks.,Purchase of heirloom tomato seeds,93549,Expense,993.71,2025-07-17 17:23:00,0.0,,3840.88,993.71,Professional Services,5800,leaf,ğŸ“Š
Farm Co-op,Use Tax,REF-2898,True,Eggplant royalty dispute resolved.,Sale at Saturday farmer's market,25567,Equity Contribution,734.08,2025-07-17 10:07:00,0.0,CHK-1366,1968.77,734.08,Payroll Expenses,5500,tray,ğŸšœ
Farm Co-op,Sales Tax,REF-5702,False,Someone painted the barn plaid again.,Tractor repair service,51288,Tax,0.0,2025-07-17 10:10:00,47.82,,2874.85,47.82,Fertilizer & Compost,5200,creditcard,ğŸ› 
USDA,Use Tax,REF-6417,False,"This ainâ€™t the garden of Eden, man.",Utility payment: irrigation pump,75980,Invoice,0.0,2025-07-17 13:14:00,247.02,,3376.94,247.02,Utilities,5600,dollarsign.circle,ğŸ¡
USDA,Use Tax,REF-4840,True,Beware of the Central Scrutinizer.,Sale at Saturday farmer's market,62986,Sale,0.0,2025-07-17 10:39:00,275.9,CHK-1534,2155.74,275.9,Utilities,5600,cart,ğŸ§¾
Farm Co-op,Use Tax,REF-3540,False,Billy the Mountain requested cash.,Purchase of heirloom tomato seeds,23718,Payment,1083.6,2025-07-17 14:30:00,0.0,CHK-5565,4300.04,1083.6,Marketing & Promotion,5700,folder,ğŸ“¦
USDA,Use Tax,REF-7946,False,Someone painted the barn plaid again.,Payment for organic compost delivery,82454,Payroll,1027.05,2025-07-17 09:30:00,0.0,,1893.79,1027.05,Inventory,1200,book,ğŸŒ½
Farm Co-op,Sales Tax,REF-6636,False,Someone painted the barn plaid again.,Weekly payroll distribution,50108,Payment,0.0,2025-07-17 09:31:00,1122.51,CHK-5124,2297.1,1122.51,Fuel,5300,globe,ğŸ„
Tractor Depot,Sales Tax,REF-2389,False,Eggplant royalty dispute resolved.,Tractor repair service,37817,Sale,0.0,2025-07-17 14:52:00,985.34,CHK-4271,1872.2,985.34,Depreciation,6000,leaf,ğŸŒ½
Zappa Solar,Sales Tax,REF-2172,True,Paid in kale chips and weird looks.,Weekly payroll distribution,27052,Payroll,303.54,2025-07-17 07:11:00,0.0,CHK-4589,3287.65,303.54,Repairs & Maintenance,5400,globe,ğŸšœ
Johnny's Seeds,Sales Tax,REF-1200,False,Micâ€™d the compost for microbial jazz.,Payment for organic compost delivery,72899,Invoice,767.99,2025-07-17 07:48:00,0.0,,2899.22,767.99,Depreciation,6000,hammer,ğŸšœ
Farm Co-op,Use Tax,REF-8042,False,Someone painted the barn plaid again.,Equity contribution by Frank,48446,Tax,0.0,2025-07-17 15:30:00,1107.45,,2324.82,1107.45,Professional Services,5800,globe,ğŸ“…
Johnny's Seeds,Sales Tax,REF-7131,False,Someone painted the barn plaid again.,Weekly payroll distribution,21858,Payroll,0.0,2025-07-17 18:24:00,579.16,CHK-1222,4754.19,579.16,Owner's Equity,3000,calendar,ğŸ’¼
Johnny's Seeds,No Tax,REF-1996,True,Billy the Mountain requested cash.,Purchase of heirloom tomato seeds,16772,Sale,89.73,2025-07-17 07:01:00,0.0,CHK-8561,2702.08,89.73,Accounts Payable,2000,bag,ğŸ“…
Farm Co-op,No Tax,REF-4366,True,Micâ€™d the compost for microbial jazz.,Tractor repair service,89340,Sale,0.0,2025-07-18 10:48:00,206.92,CHK-4278,3116.55,206.92,Owner's Equity,3000,chart.bar,ğŸ’¸
Farm Co-op,Use Tax,REF-1083,True,Paid in kale chips and weird looks.,Utility payment: irrigation pump,79928,Payment,0.0,2025-07-18 16:28:00,318.14,CHK-1018,4156.08,318.14,Fertilizer & Compost,5200,tray,ğŸ”§
Muffin Utility Inc.,Sales Tax,REF-2618,True,Billy the Mountain requested cash.,Equity contribution by Frank,10837,Equity Contribution,69.57,2025-07-18 10:11:00,0.0,CHK-2561,2493.96,69.57,Seeds & Amendments,5100,cart,ğŸ“…
Farm Co-op,No Tax,REF-2947,True,Micâ€™d the compost for microbial jazz.,Utility payment: irrigation pump,80770,Expense,0.0,2025-07-18 17:06:00,1018.35,CHK-8686,4704.14,1018.35,Marketing & Promotion,5700,cart,ğŸ”
Farm Co-op,Use Tax,REF-3981,False,Paid in kale chips and weird looks.,Sale at Saturday farmer's market,50366,Tax,709.56,2025-07-18 12:38:00,0.0,CHK-9805,4067.52,709.56,Sales - Produce,4000,tractor,ğŸ„
USDA,No Tax,REF-8252,True,Micâ€™d the compost for microbial jazz.,Utility payment: irrigation pump,98038,Sale,1065.69,2025-07-18 08:27:00,0.0,,2314.99,1065.69,Wages Payable,2100,book,ğŸ› 
Zappa Solar,Use Tax,REF-1149,False,Billy the Mountain requested cash.,Weekly payroll distribution,43220,Sale,945.28,2025-07-18 07:42:00,0.0,,1330.75,945.28,Marketing & Promotion,5700,leaf,ğŸ¡
Johnny's Seeds,Sales Tax,REF-1384,False,"This ainâ€™t the garden of Eden, man.",Weekly payroll distribution,27221,Invoice,680.14,2025-07-18 12:14:00,0.0,CHK-9275,3222.52,680.14,Accounts Receivable,1100,calendar,ğŸ”
Compost Collective,No Tax,REF-8166,False,Micâ€™d the compost for microbial jazz.,Utility payment: irrigation pump,45352,Sale,0.0,2025-07-18 11:31:00,96.62,,3665.51,96.62,Repairs & Maintenance,5400,cart,ğŸ…
Tractor Depot,No Tax,REF-9197,True,Billy the Mountain requested cash.,Weekly payroll distribution,27290,Sale,1126.18,2025-07-18 11:26:00,0.0,,3872.37,1126.18,Prepaid Expenses,1300,leaf,ğŸ’¸
Zappa Solar,No Tax,REF-3181,False,Someone painted the barn plaid again.,Purchase of heirloom tomato seeds,46894,Payroll,0.0,2025-07-18 17:41:00,467.46,CHK-4211,3794.42,467.46,Seeds & Amendments,5100,gear,ğŸ§¾
Zappa Solar,No Tax,REF-5553,False,Billy the Mountain requested cash.,Purchase of heirloom tomato seeds,53335,Payroll,0.0,2025-07-18 18:29:00,1177.13,CHK-9010,3877.23,1177.13,Seeds & Amendments,5100,person.crop.circle,ğŸ…
Tractor Depot,No Tax,REF-2015,True,"This ainâ€™t the garden of Eden, man.",Sale at Saturday farmer's market,97069,Payment,82.36,2025-07-18 08:04:00,0.0,CHK-9264,2311.04,82.36,Payroll Expenses,5500,folder,ğŸ§¾
Johnny's Seeds,No Tax,REF-8629,True,Eggplant royalty dispute resolved.,Payment for organic compost delivery,43093,Sale,0.0,2025-07-18 08:16:00,285.91,CHK-8114,3304.49,285.91,Marketing & Promotion,5700,creditcard,ğŸ§¾
Farm Co-op,No Tax,REF-9997,False,Someone painted the barn plaid again.,Payment for organic compost delivery,69371,Sale,0.0,2025-07-18 18:52:00,222.65,CHK-6585,4119.45,222.65,Wages Payable,2100,wrench,ğŸ§¾
Compost Collective,Sales Tax,REF-2332,False,"This ainâ€™t the garden of Eden, man.",Utility payment: irrigation pump,25262,Payroll,0.0,2025-07-18 13:33:00,163.01,CHK-2231,3553.47,163.01,Professional Services,5800,calendar,ğŸ¥•
USDA,No Tax,REF-7442,True,Micâ€™d the compost for microbial jazz.,Sale at Saturday farmer's market,30260,Equity Contribution,183.67,2025-07-18 13:13:00,0.0,CHK-6361,3422.63,183.67,Professional Services,5800,globe,ğŸ’¼
Johnny's Seeds,Use Tax,REF-2675,True,Beware of the Central Scrutinizer.,Payment for organic compost delivery,25923,Payroll,0.0,2025-07-18 08:51:00,1032.54,,2505.37,1032.54,Cash,1000,tractor,ğŸ’¸
Zappa Solar,Use Tax,REF-1169,False,Beware of the Central Scrutinizer.,Tractor repair service,30461,Tax,217.1,2025-07-18 11:22:00,0.0,,4803.31,217.1,Cost of Goods Sold,5000,wrench,ğŸ…
Muffin Utility Inc.,Sales Tax,REF-3651,True,Beware of the Central Scrutinizer.,Tractor repair service,22866,Equity Contribution,0.0,2025-07-18 07:11:00,611.31,CHK-3274,3805.21,611.31,Utilities,5600,leaf,ğŸ§º
Tractor Depot,No Tax,REF-2504,False,Micâ€™d the compost for microbial jazz.,Purchase of heirloom tomato seeds,39875,Tax,0.0,2025-07-18 15:36:00,389.69,,2523.46,389.69,Prepaid Expenses,1300,externaldrive,ğŸ“…
USDA,Use Tax,REF-9525,True,Beware of the Central Scrutinizer.,Purchase of heirloom tomato seeds,95811,Payroll,0.0,2025-07-18 17:56:00,98.62,,1861.12,98.62,Sales - Produce,4000,globe,ğŸŒ½
Zappa Solar,Use Tax,REF-4405,True,Eggplant royalty dispute resolved.,Weekly payroll distribution,29650,Tax,0.0,2025-07-18 16:54:00,204.64,CHK-6414,3617.07,204.64,Accounts Receivable,1100,externaldrive,ğŸ› 
Tractor Depot,Sales Tax,REF-7763,True,Beware of the Central Scrutinizer.,Payment for organic compost delivery,58548,Payment,618.53,2025-07-18 08:29:00,0.0,CHK-1143,4081.56,618.53,Sales - Value-Added Goods,4100,dollarsign.circle,ğŸ§‘â€ğŸŒ¾
Compost Collective,Use Tax,REF-2635,True,Beware of the Central Scrutinizer.,Tractor repair service,46540,Expense,348.74,2025-07-18 08:47:00,0.0,CHK-7671,4104.23,348.74,Sales - Value-Added Goods,4100,tray,ğŸ“…
Compost Collective,No Tax,REF-3723,False,"This ainâ€™t the garden of Eden, man.",Sale at Saturday farmer's market,82858,Tax,348.7,2025-07-18 10:26:00,0.0,,3839.33,348.7,Cost of Goods Sold,5000,wrench,ğŸ§º
Tractor Depot,Use Tax,REF-9110,False,Paid in kale chips and weird looks.,Weekly payroll distribution,65167,Expense,299.73,2025-07-18 09:07:00,0.0,CHK-7384,1599.47,299.73,Insurance,5900,briefcase,ğŸ› 
USDA,No Tax,REF-7944,True,Micâ€™d the compost for microbial jazz.,Tractor repair service,34068,Tax,0.0,2025-07-18 11:09:00,1190.26,CHK-8068,4608.8,1190.26,Seeds & Amendments,5100,book,ğŸŒ½
Muffin Utility Inc.,Use Tax,REF-4827,True,"This ainâ€™t the garden of Eden, man.",Utility payment: irrigation pump,18391,Expense,250.38,2025-07-18 14:43:00,0.0,,1991.93,250.38,Professional Services,5800,cart,ğŸ§¾
Zappa Solar,Sales Tax,REF-2333,True,Paid in kale chips and weird looks.,Equity contribution by Frank,96809,Equity Contribution,0.0,2025-07-18 10:21:00,774.81,,3589.51,774.81,Accounts Receivable,1100,doc.plaintext,ğŸ§º
Farm Co-op,No Tax,REF-8457,True,Billy the Mountain requested cash.,Tractor repair service,11392,Expense,939.91,2025-07-18 09:17:00,0.0,,4412.2,939.91,Wages Payable,2100,bag,ğŸª£
Johnny's Seeds,No Tax,REF-3493,False,Paid in kale chips and weird looks.,Purchase of heirloom tomato seeds,56680,Sale,0.0,2025-07-18 08:01:00,139.95,,2621.16,139.95,Accounts Receivable,1100,folder,ğŸ„
Muffin Utility Inc.,Sales Tax,REF-7613,False,Eggplant royalty dispute resolved.,Payment for organic compost delivery,60789,Expense,0.0,2025-07-18 18:52:00,572.93,,1772.6,572.93,Accounts Payable,2000,dollarsign.circle,ğŸšœ
Compost Collective,Use Tax,REF-1358,False,Beware of the Central Scrutinizer.,Tractor repair service,75840,Invoice,55.11,2025-07-18 15:28:00,0.0,CHK-6031,2184.92,55.11,Depreciation,6000,hammer,ğŸšœ
Muffin Utility Inc.,Use Tax,REF-3025,True,Paid in kale chips and weird looks.,Payment for organic compost delivery,19725,Invoice,457.14,2025-07-18 09:06:00,0.0,,3181.98,457.14,Prepaid Expenses,1300,calendar,ğŸ› 
Farm Co-op,No Tax,REF-7612,False,Eggplant royalty dispute resolved.,Equity contribution by Frank,50862,Sale,180.01,2025-07-18 10:06:00,0.0,,1395.23,180.01,Taxes Payable,2200,cart,ğŸ…
Compost Collective,Use Tax,REF-9470,True,Micâ€™d the compost for microbial jazz.,Weekly payroll distribution,52284,Payment,410.36,2025-07-18 07:55:00,0.0,CHK-3948,2889.92,410.36,Cost of Goods Sold,5000,creditcard,ğŸ§‘â€ğŸŒ¾
Zappa Solar,Sales Tax,REF-6383,False,Billy the Mountain requested cash.,Payment for organic compost delivery,54769,Payment,0.0,2025-07-18 15:48:00,1057.45,,4783.81,1057.45,Inventory,1200,book,ğŸ’¸
Muffin Utility Inc.,Use Tax,REF-3001,False,Paid in kale chips and weird looks.,Weekly payroll distribution,79575,Sale,0.0,2025-07-18 09:06:00,1083.16,,1590.75,1083.16,Depreciation,6000,wrench,ğŸ“Š
Zappa Solar,Use Tax,REF-5812,True,Paid in kale chips and weird looks.,Payment for organic compost delivery,38791,Payment,785.91,2025-07-18 16:25:00,0.0,CHK-9392,2276.37,785.91,Accounts Payable,2000,globe,ğŸ’¸
Farm Co-op,Sales Tax,REF-8124,True,Billy the Mountain requested cash.,Weekly payroll distribution,14407,Sale,0.0,2025-07-18 17:25:00,1151.37,,4152.01,1151.37,Cost of Goods Sold,5000,dollarsign.circle,ğŸ”
Johnny's Seeds,No Tax,REF-3310,False,"This ainâ€™t the garden of Eden, man.",Weekly payroll distribution,24636,Expense,636.83,2025-07-18 14:17:00,0.0,CHK-7720,3436.98,636.83,Repairs & Maintenance,5400,cart,ğŸ…
Johnny's Seeds,Use Tax,REF-6515,False,Someone painted the barn plaid again.,Weekly payroll distribution,99047,Tax,0.0,2025-07-18 12:11:00,784.46,,2424.72,784.46,Wages Payable,2100,globe,ğŸ
Tractor Depot,No Tax,REF-9639,True,"This ainâ€™t the garden of Eden, man.",Tractor repair service,73357,Expense,0.0,2025-07-18 10:55:00,331.71,,1374.45,331.71,Prepaid Expenses,1300,chart.bar,ğŸ“¦
USDA,No Tax,REF-2670,False,Eggplant royalty dispute resolved.,Tractor repair service,89419,Payroll,813.04,2025-07-18 16:03:00,0.0,CHK-8246,3193.52,813.04,Utilities,5600,plusminus,ğŸ”§
Tractor Depot,No Tax,REF-6775,True,Eggplant royalty dispute resolved.,Purchase of heirloom tomato seeds,74389,Sale,0.0,2025-07-18 16:32:00,141.16,,4863.68,141.16,Professional Services,5800,externaldrive,ğŸŒ½
Muffin Utility Inc.,No Tax,REF-3062,False,Paid in kale chips and weird looks.,Tractor repair service,21248,Tax,1167.32,2025-07-18 12:31:00,0.0,CHK-9007,3138.0,1167.32,Owner's Equity,3000,person.crop.circle,ğŸ“…
Tractor Depot,Use Tax,REF-5350,True,Eggplant royalty dispute resolved.,Purchase of heirloom tomato seeds,98474,Payment,0.0,2025-07-18 12:52:00,562.82,CHK-7528,3803.78,562.82,Seeds & Amendments,5100,calendar,ğŸšœ
Tractor Depot,Sales Tax,REF-8227,True,Billy the Mountain requested cash.,Purchase of heirloom tomato seeds,78030,Payment,0.0,2025-07-18 16:53:00,787.99,CHK-8677,2118.92,787.99,Fuel,5300,bag,ğŸ„
Zappa Solar,Use Tax,REF-4664,True,Eggplant royalty dispute resolved.,Tractor repair service,63766,Payroll,109.65,2025-07-18 07:14:00,0.0,CHK-5757,3344.43,109.65,Seeds & Amendments,5100,plusminus,ğŸ”§
Zappa Solar,Use Tax,REF-4893,True,Micâ€™d the compost for microbial jazz.,Sale at Saturday farmer's market,58894,Payment,0.0,2025-07-18 13:55:00,769.51,CHK-2441,3279.35,769.51,Prepaid Expenses,1300,dollarsign.circle,ğŸ’¼
Farm Co-op,No Tax,REF-9162,True,Beware of the Central Scrutinizer.,Weekly payroll distribution,97918,Payment,989.48,2025-07-18 18:15:00,0.0,CHK-6656,4983.4,989.48,Accounts Payable,2000,plusminus,ğŸ’¸
Tractor Depot,Use Tax,REF-6420,True,Micâ€™d the compost for microbial jazz.,Utility payment: irrigation pump,43947,Invoice,60.0,2025-07-18 10:11:00,0.0,,2866.09,60.0,Professional Services,5800,folder,ğŸ”
Zappa Solar,Sales Tax,REF-5130,False,"This ainâ€™t the garden of Eden, man.",Payment for organic compost delivery,29822,Payment,464.8,2025-07-18 15:03:00,0.0,CHK-4876,1321.65,464.8,Wages Payable,2100,hammer,ğŸ§‘â€ğŸŒ¾
Muffin Utility Inc.,Sales Tax,REF-3276,False,Someone painted the barn plaid again.,Payment for organic compost delivery,59408,Payroll,0.0,2025-07-18 17:30:00,1103.54,CHK-9068,2113.52,1103.54,Cost of Goods Sold,5000,creditcard,ğŸ„
Farm Co-op,Sales Tax,REF-2812,False,Micâ€™d the compost for microbial jazz.,Equity contribution by Frank,73678,Invoice,0.0,2025-07-18 12:28:00,387.58,,3663.84,387.58,Insurance,5900,hammer,ğŸ”
Johnny's Seeds,No Tax,REF-3158,True,Eggplant royalty dispute resolved.,Tractor repair service,87052,Invoice,307.42,2025-07-18 14:42:00,0.0,CHK-6776,1066.26,307.42,Depreciation,6000,hammer,ğŸšœ
Muffin Utility Inc.,Sales Tax,REF-1229,True,Eggplant royalty dispute resolved.,Weekly payroll distribution,80066,Tax,884.23,2025-07-18 18:04:00,0.0,,4769.02,884.23,Cash,1000,chart.bar,ğŸ› 
Zappa Solar,Use Tax,REF-9898,False,Billy the Mountain requested cash.,Utility payment: irrigation pump,16900,Expense,0.0,2025-07-18 12:07:00,318.92,,3670.22,318.92,Owner's Equity,3000,externaldrive,ğŸ
Johnny's Seeds,Use Tax,REF-8423,False,Paid in kale chips and weird looks.,Weekly payroll distribution,70672,Equity Contribution,0.0,2025-07-18 10:31:00,865.85,CHK-1807,4672.74,865.85,Payroll Expenses,5500,briefcase,ğŸ”
Johnny's Seeds,Sales Tax,REF-8254,True,Eggplant royalty dispute resolved.,Weekly payroll distribution,50889,Payment,0.0,2025-07-19 17:31:00,915.26,,1716.35,915.26,Fertilizer & Compost,5200,externaldrive,ğŸ“…
Compost Collective,No Tax,REF-6910,True,Micâ€™d the compost for microbial jazz.,Purchase of heirloom tomato seeds,74085,Tax,703.65,2025-07-19 07:23:00,0.0,CHK-7582,2802.88,703.65,Marketing & Promotion,5700,folder,ğŸ”
Zappa Solar,Use Tax,REF-7381,True,Paid in kale chips and weird looks.,Equity contribution by Frank,18428,Sale,787.83,2025-07-19 12:27:00,0.0,CHK-1774,2416.15,787.83,Cost of Goods Sold,5000,calendar,ğŸ¥•
Farm Co-op,No Tax,REF-3139,True,Billy the Mountain requested cash.,Purchase of heirloom tomato seeds,47481,Invoice,81.63,2025-07-19 08:32:00,0.0,,1501.69,81.63,Fuel,5300,dollarsign.circle,ğŸ¡
Muffin Utility Inc.,Use Tax,REF-1119,True,Beware of the Central Scrutinizer.,Utility payment: irrigation pump,58827,Payment,0.0,2025-07-19 13:40:00,564.76,,2512.41,564.76,Sales - Produce,4000,plusminus,ğŸ’¼
Muffin Utility Inc.,Use Tax,REF-6563,False,Someone painted the barn plaid again.,Payment for organic compost delivery,75102,Tax,0.0,2025-07-19 14:49:00,449.48,,1670.01,449.48,Seeds & Amendments,5100,bag,ğŸŒ±
Farm Co-op,No Tax,REF-4130,False,Micâ€™d the compost for microbial jazz.,Utility payment: irrigation pump,11043,Payroll,0.0,2025-07-19 11:40:00,982.48,,4655.7,982.48,Insurance,5900,doc.plaintext,ğŸŒ½
USDA,Sales Tax,REF-1103,False,Billy the Mountain requested cash.,Weekly payroll distribution,82839,Expense,0.0,2025-07-19 14:19:00,318.36,CHK-5388,2402.05,318.36,Marketing & Promotion,5700,tray,ğŸª£
Johnny's Seeds,Sales Tax,REF-6657,True,"This ainâ€™t the garden of Eden, man.",Weekly payroll distribution,73262,Sale,0.0,2025-07-19 15:28:00,757.85,,1129.88,757.85,Marketing & Promotion,5700,bag,ğŸ
Tractor Depot,Use Tax,REF-2837,False,Eggplant royalty dispute resolved.,Purchase of heirloom tomato seeds,53181,Equity Contribution,129.15,2025-07-19 15:33:00,0.0,CHK-6046,1567.33,129.15,Inventory,1200,externaldrive,ğŸ…
Muffin Utility Inc.,Sales Tax,REF-2824,True,Someone painted the barn plaid again.,Payment for organic compost delivery,96449,Expense,0.0,2025-07-19 15:16:00,218.04,CHK-4285,1341.91,218.04,Repairs & Maintenance,5400,dollarsign.circle,ğŸ¡
Compost Collective,Sales Tax,REF-7788,True,Someone painted the barn plaid again.,Sale at Saturday farmer's market,40852,Tax,1197.29,2025-07-19 12:32:00,0.0,CHK-5471,4201.61,1197.29,Taxes Payable,2200,dollarsign.circle,ğŸšœ
Zappa Solar,Use Tax,REF-5069,False,Micâ€™d the compost for microbial jazz.,Payment for organic compost delivery,41406,Payment,276.14,2025-07-19 13:09:00,0.0,,1474.57,276.14,Professional Services,5800,externaldrive,ğŸŒ½
Farm Co-op,No Tax,REF-3689,True,Billy the Mountain requested cash.,Sale at Saturday farmer's market,89228,Tax,522.52,2025-07-19 08:31:00,0.0,CHK-3298,1462.59,522.52,Fertilizer & Compost,5200,globe,ğŸ› 
Compost Collective,Sales Tax,REF-9051,False,Micâ€™d the compost for microbial jazz.,Utility payment: irrigation pump,11290,Payment,0.0,2025-07-19 13:21:00,188.59,,2508.56,188.59,Owner's Equity,3000,doc.plaintext,ğŸ”
Farm Co-op,No Tax,REF-4222,True,Beware of the Central Scrutinizer.,Weekly payroll distribution,43773,Sale,294.73,2025-07-19 12:14:00,0.0,,3051.32,294.73,Cost of Goods Sold,5000,externaldrive,ğŸšœ
USDA,No Tax,REF-8381,False,Someone painted the barn plaid again.,Equity contribution by Frank,54048,Payroll,0.0,2025-07-19 12:50:00,721.52,,2056.15,721.52,Prepaid Expenses,1300,globe,ğŸ…
Compost Collective,No Tax,REF-9251,True,"This ainâ€™t the garden of Eden, man.",Equity contribution by Frank,43353,Tax,194.2,2025-07-19 11:32:00,0.0,,1634.87,194.2,Insurance,5900,folder,ğŸ› 
Farm Co-op,Use Tax,REF-7879,True,Billy the Mountain requested cash.,Tractor repair service,99143,Equity Contribution,0.0,2025-07-19 17:56:00,1181.8,CHK-1730,4767.89,1181.8,Fuel,5300,briefcase,ğŸ§¾
Compost Collective,Sales Tax,REF-2494,False,Billy the Mountain requested cash.,Utility payment: irrigation pump,13791,Expense,69.53,2025-07-19 09:37:00,0.0,CHK-9642,1822.2,69.53,Inventory,1200,plusminus,ğŸ“Š
Farm Co-op,Use Tax,REF-8763,True,Micâ€™d the compost for microbial jazz.,Tractor repair service,89080,Tax,868.21,2025-07-19 17:35:00,0.0,,4357.36,868.21,Repairs & Maintenance,5400,tray,ğŸ”§
Farm Co-op,Use Tax,REF-4945,True,Someone painted the barn plaid again.,Weekly payroll distribution,78788,Payroll,702.3,2025-07-19 13:13:00,0.0,,3794.56,702.3,Accounts Payable,2000,calendar,ğŸ“Š
Zappa Solar,No Tax,REF-1580,True,Micâ€™d the compost for microbial jazz.,Payment for organic compost delivery,63817,Expense,0.0,2025-07-19 16:04:00,839.22,,3742.41,839.22,Insurance,5900,calendar,ğŸ¥•
USDA,No Tax,REF-4867,False,Paid in kale chips and weird looks.,Weekly payroll distribution,66337,Equity Contribution,611.16,2025-07-19 15:00:00,0.0,CHK-3484,2725.78,611.16,Fertilizer & Compost,5200,externaldrive,ğŸª£
Compost Collective,No Tax,REF-6102,True,Someone painted the barn plaid again.,Purchase of heirloom tomato seeds,19902,Sale,0.0,2025-07-19 17:16:00,1023.07,,3965.93,1023.07,Seeds & Amendments,5100,leaf,ğŸ“Š
Tractor Depot,No Tax,REF-3958,True,Eggplant royalty dispute resolved.,Utility payment: irrigation pump,97929,Invoice,0.0,2025-07-19 11:52:00,955.69,,1941.03,955.69,Sales - Value-Added Goods,4100,chart.bar,ğŸ› 
Farm Co-op,No Tax,REF-3748,False,"This ainâ€™t the garden of Eden, man.",Purchase of heirloom tomato seeds,11942,Expense,0.0,2025-07-19 11:09:00,443.42,CHK-8619,4551.18,443.42,Wages Payable,2100,globe,ğŸ¥•
Johnny's Seeds,No Tax,REF-7822,False,Someone painted the barn plaid again.,Weekly payroll distribution,37955,Expense,0.0,2025-07-19 08:46:00,315.4,CHK-9888,1093.1,315.4,Owner's Equity,3000,chart.bar,ğŸ¡
Muffin Utility Inc.,No Tax,REF-8077,False,Someone painted the barn plaid again.,Payment for organic compost delivery,49292,Tax,552.25,2025-07-19 08:20:00,0.0,,1481.89,552.25,Cash,1000,cart,ğŸ’¼
USDA,Sales Tax,REF-7128,False,"This ainâ€™t the garden of Eden, man.",Utility payment: irrigation pump,16568,Expense,382.47,2025-07-19 12:15:00,0.0,CHK-7800,4982.25,382.47,Utilities,5600,externaldrive,ğŸŒ±
Tractor Depot,Use Tax,REF-7220,True,"This ainâ€™t the garden of Eden, man.",Weekly payroll distribution,64221,Equity Contribution,798.54,2025-07-19 10:10:00,0.0,,4832.82,798.54,Fertilizer & Compost,5200,tray,ğŸ§¾
Compost Collective,No Tax,REF-6432,True,Beware of the Central Scrutinizer.,Purchase of heirloom tomato seeds,47814,Invoice,0.0,2025-07-19 13:54:00,417.03,,2617.44,417.03,Utilities,5600,bag,ğŸ¡
Tractor Depot,No Tax,REF-2757,False,Micâ€™d the compost for microbial jazz.,Purchase of heirloom tomato seeds,22790,Payment,0.0,2025-07-19 16:28:00,553.82,CHK-2175,3797.67,553.82,Cash,1000,hammer,ğŸ§‘â€ğŸŒ¾
Farm Co-op,No Tax,REF-2407,False,Beware of the Central Scrutinizer.,Purchase of heirloom tomato seeds,79207,Tax,0.0,2025-07-19 18:16:00,507.01,CHK-4017,4871.45,507.01,Insurance,5900,chart.bar,ğŸ§º
Farm Co-op,No Tax,REF-3628,True,Eggplant royalty dispute resolved.,Utility payment: irrigation pump,90655,Tax,48.89,2025-07-19 11:11:00,0.0,,3200.37,48.89,Fertilizer & Compost,5200,dollarsign.circle,ğŸ¡
Compost Collective,Use Tax,REF-9859,True,Someone painted the barn plaid again.,Utility payment: irrigation pump,83083,Equity Contribution,317.59,2025-07-19 17:23:00,0.0,CHK-4364,1948.16,317.59,Seeds & Amendments,5100,externaldrive,ğŸ“¦
Tractor Depot,Sales Tax,REF-8566,True,"This ainâ€™t the garden of Eden, man.",Tractor repair service,19710,Expense,566.97,2025-07-19 11:59:00,0.0,,4119.05,566.97,Cost of Goods Sold,5000,folder,ğŸ“¦
Tractor Depot,No Tax,REF-2588,False,Micâ€™d the compost for microbial jazz.,Payment for organic compost delivery,74961,Payroll,0.0,2025-07-19 11:42:00,825.46,,2027.64,825.46,Insurance,5900,gear,ğŸšœ
Muffin Utility Inc.,Use Tax,REF-6595,False,Beware of the Central Scrutinizer.,Equity contribution by Frank,99543,Expense,372.09,2025-07-19 13:27:00,0.0,CHK-9149,3474.0,372.09,Repairs & Maintenance,5400,leaf,ğŸ
Tractor Depot,Sales Tax,REF-2607,False,Paid in kale chips and weird looks.,Sale at Saturday farmer's market,92909,Payment,0.0,2025-07-19 12:33:00,735.94,,4115.75,735.94,Depreciation,6000,bag,ğŸŒ½
Tractor Depot,Use Tax,REF-9306,True,Someone painted the barn plaid again.,Weekly payroll distribution,84628,Payment,529.15,2025-07-19 08:49:00,0.0,CHK-2686,2763.04,529.15,Accounts Payable,2000,folder,ğŸ„
Farm Co-op,Use Tax,REF-6156,True,Micâ€™d the compost for microbial jazz.,Utility payment: irrigation pump,44903,Expense,499.31,2025-07-19 14:59:00,0.0,CHK-5230,2062.96,499.31,Taxes Payable,2200,creditcard,ğŸ”§
Farm Co-op,Sales Tax,REF-9852,False,"This ainâ€™t the garden of Eden, man.",Payment for organic compost delivery,26209,Equity Contribution,889.49,2025-07-19 14:12:00,0.0,CHK-7872,3697.76,889.49,Taxes Payable,2200,dollarsign.circle,ğŸ› 
Compost Collective,Sales Tax,REF-4469,True,Billy the Mountain requested cash.,Utility payment: irrigation pump,40664,Expense,0.0,2025-07-19 11:10:00,1083.19,,2329.18,1083.19,Cost of Goods Sold,5000,calendar,ğŸ¡
Johnny's Seeds,Use Tax,REF-5317,False,Eggplant royalty dispute resolved.,Sale at Saturday farmer's market,97107,Payment,1057.99,2025-07-19 13:16:00,0.0,,4063.19,1057.99,Inventory,1200,folder,ğŸšœ
Zappa Solar,Sales Tax,REF-9426,True,"This ainâ€™t the garden of Eden, man.",Utility payment: irrigation pump,99524,Sale,0.0,2025-07-19 14:26:00,522.26,CHK-8229,2754.51,522.26,Wages Payable,2100,leaf,ğŸ„
Johnny's Seeds,Sales Tax,REF-6236,False,Billy the Mountain requested cash.,Payment for organic compost delivery,26102,Tax,551.45,2025-07-19 08:56:00,0.0,CHK-1039,3198.52,551.45,Sales - Value-Added Goods,4100,tray,ğŸ”
Zappa Solar,No Tax,REF-2267,False,Beware of the Central Scrutinizer.,Weekly payroll distribution,26374,Payment,0.0,2025-07-19 17:43:00,823.16,,1245.1,823.16,Seeds & Amendments,5100,folder,ğŸ”
USDA,No Tax,REF-9560,False,Beware of the Central Scrutinizer.,Equity contribution by Frank,60441,Equity Contribution,0.0,2025-07-19 07:02:00,1067.08,CHK-5700,1040.44,1067.08,Cash,1000,externaldrive,ğŸ…
Muffin Utility Inc.,Use Tax,REF-6480,True,Micâ€™d the compost for microbial jazz.,Sale at Saturday farmer's market,66205,Payment,124.94,2025-07-19 16:57:00,0.0,,2038.33,124.94,Fertilizer & Compost,5200,dollarsign.circle,ğŸ’¼
Farm Co-op,No Tax,REF-7273,False,Billy the Mountain requested cash.,Purchase of heirloom tomato seeds,69233,Sale,254.18,2025-07-19 12:21:00,0.0,CHK-8423,1702.28,254.18,Cash,1000,cart,ğŸšœ
Compost Collective,Use Tax,REF-5471,True,Micâ€™d the compost for microbial jazz.,Sale at Saturday farmer's market,82752,Payment,290.7,2025-07-19 11:44:00,0.0,CHK-9849,3120.76,290.7,Professional Services,5800,cart,ğŸ“…
Tractor Depot,No Tax,REF-9163,False,Billy the Mountain requested cash.,Utility payment: irrigation pump,53055,Payroll,0.0,2025-07-19 08:00:00,688.64,CHK-9322,2402.79,688.64,Sales - Produce,4000,leaf,ğŸ“Š
Compost Collective,No Tax,REF-9532,False,Eggplant royalty dispute resolved.,Equity contribution by Frank,46362,Tax,0.0,2025-07-19 11:36:00,849.48,CHK-5990,2535.71,849.48,Utilities,5600,book,ğŸ“Š
Zappa Solar,Sales Tax,REF-5401,True,"This ainâ€™t the garden of Eden, man.",Equity contribution by Frank,92561,Payment,0.0,2025-07-19 07:58:00,708.79,CHK-4874,4054.0,708.79,Cash,1000,tray,ğŸ§¾
Tractor Depot,No Tax,REF-1744,True,Micâ€™d the compost for microbial jazz.,Payment for organic compost delivery,33372,Tax,0.0,2025-07-19 08:37:00,57.3,CHK-4094,3960.44,57.3,Depreciation,6000,globe,ğŸ¡
USDA,Use Tax,REF-6900,True,Eggplant royalty dispute resolved.,Tractor repair service,23237,Equity Contribution,0.0,2025-07-19 16:39:00,805.09,CHK-7076,2509.66,805.09,Cost of Goods Sold,5000,book,ğŸ”
Tractor Depot,Sales Tax,REF-7690,False,"This ainâ€™t the garden of Eden, man.",Weekly payroll distribution,43760,Sale,1127.3,2025-07-19 17:14:00,0.0,CHK-4652,4088.65,1127.3,Cost of Goods Sold,5000,cart,ğŸ“Š
Tractor Depot,Use Tax,REF-5258,True,Paid in kale chips and weird looks.,Equity contribution by Frank,60198,Expense,0.0,2025-07-19 10:20:00,831.49,,3118.36,831.49,Marketing & Promotion,5700,folder,ğŸ§º
Johnny's Seeds,Sales Tax,REF-6756,True,"This ainâ€™t the garden of Eden, man.",Utility payment: irrigation pump,97244,Tax,664.46,2025-07-19 10:49:00,0.0,,2746.29,664.46,Sales - Value-Added Goods,4100,tray,ğŸ§º
Compost Collective,Sales Tax,REF-1509,False,Paid in kale chips and weird looks.,Purchase of heirloom tomato seeds,61339,Equity Contribution,64.06,2025-07-19 07:14:00,0.0,CHK-7167,2641.93,64.06,Accounts Receivable,1100,person.crop.circle,ğŸ„
Muffin Utility Inc.,Sales Tax,REF-8050,False,Billy the Mountain requested cash.,Utility payment: irrigation pump,89671,Equity Contribution,363.09,2025-07-19 11:26:00,0.0,CHK-8821,3473.19,363.09,Repairs & Maintenance,5400,calendar,ğŸ
USDA,No Tax,REF-4310,False,Beware of the Central Scrutinizer.,Purchase of heirloom tomato seeds,62284,Payroll,0.0,2025-07-19 18:23:00,262.16,CHK-5487,3945.76,262.16,Utilities,5600,cart,ğŸ¡
Compost Collective,Sales Tax,REF-8696,True,"This ainâ€™t the garden of Eden, man.",Tractor repair service,93464,Payment,0.0,2025-07-19 17:00:00,998.9,CHK-6543,2411.97,998.9,Cost of Goods Sold,5000,bag,ğŸ’¼
Zappa Solar,No Tax,REF-2079,False,Billy the Mountain requested cash.,Payment for organic compost delivery,70291,Invoice,353.75,2025-07-20 17:24:00,0.0,,1886.99,353.75,Seeds & Amendments,5100,plusminus,ğŸŒ±
Muffin Utility Inc.,Use Tax,REF-4005,False,Billy the Mountain requested cash.,Utility payment: irrigation pump,73435,Sale,623.92,2025-07-20 18:46:00,0.0,,4104.62,623.92,Seeds & Amendments,5100,calendar,ğŸª£
USDA,Sales Tax,REF-3678,True,Paid in kale chips and weird looks.,Tractor repair service,17253,Payroll,0.0,2025-07-20 17:30:00,294.55,,4243.16,294.55,Sales - Value-Added Goods,4100,book,ğŸ“Š
USDA,No Tax,REF-7187,False,Eggplant royalty dispute resolved.,Payment for organic compost delivery,66174,Payroll,0.0,2025-07-20 17:02:00,1077.99,CHK-2809,4209.0,1077.99,Fertilizer & Compost,5200,doc.plaintext,ğŸŒ½
Zappa Solar,No Tax,REF-4645,True,Billy the Mountain requested cash.,Weekly payroll distribution,26780,Expense,0.0,2025-07-20 14:28:00,375.12,CHK-7998,4820.51,375.12,Cash,1000,person.crop.circle,ğŸª£
Johnny's Seeds,No Tax,REF-6504,True,Billy the Mountain requested cash.,Weekly payroll distribution,27643,Expense,281.23,2025-07-20 16:07:00,0.0,CHK-8668,3031.3,281.23,Utilities,5600,bag,ğŸ
Compost Collective,Use Tax,REF-1213,False,Beware of the Central Scrutinizer.,Utility payment: irrigation pump,12010,Equity Contribution,0.0,2025-07-20 12:55:00,607.55,CHK-7387,1359.14,607.55,Payroll Expenses,5500,calendar,ğŸ“¦
USDA,Use Tax,REF-7050,True,"This ainâ€™t the garden of Eden, man.",Purchase of heirloom tomato seeds,65956,Expense,0.0,2025-07-20 14:01:00,370.31,,4168.39,370.31,Repairs & Maintenance,5400,calendar,ğŸŒ±
Zappa Solar,No Tax,REF-2119,True,Billy the Mountain requested cash.,Equity contribution by Frank,87740,Sale,0.0,2025-07-20 09:36:00,878.8,,2535.22,878.8,Sales - Value-Added Goods,4100,chart.bar,ğŸ“…
Johnny's Seeds,Sales Tax,REF-2003,False,Someone painted the barn plaid again.,Sale at Saturday farmer's market,42147,Expense,226.51,2025-07-20 08:00:00,0.0,CHK-5199,2981.06,226.51,Repairs & Maintenance,5400,dollarsign.circle,ğŸ§¾
Tractor Depot,Use Tax,REF-9385,True,Someone painted the barn plaid again.,Weekly payroll distribution,11271,Sale,0.0,2025-07-20 10:20:00,247.27,,3678.6,247.27,Utilities,5600,cart,ğŸ…
Farm Co-op,No Tax,REF-5783,False,Beware of the Central Scrutinizer.,Equity contribution by Frank,33375,Equity Contribution,1006.7,2025-07-20 14:17:00,0.0,CHK-9089,3699.14,1006.7,Marketing & Promotion,5700,chart.bar,ğŸ’¼
Tractor Depot,Sales Tax,REF-5097,True,Eggplant royalty dispute resolved.,Equity contribution by Frank,60240,Payroll,912.62,2025-07-20 11:17:00,0.0,CHK-8261,3343.52,912.62,Wages Payable,2100,person.crop.circle,ğŸ“…
Farm Co-op,Use Tax,REF-2575,True,Someone painted the barn plaid again.,Utility payment: irrigation pump,28495,Tax,1137.92,2025-07-20 18:03:00,0.0,CHK-1916,2213.74,1137.92,Utilities,5600,folder,ğŸ„
USDA,Use Tax,REF-2674,True,Eggplant royalty dispute resolved.,Equity contribution by Frank,30793,Payment,204.26,2025-07-20 14:14:00,0.0,CHK-8771,3720.7,204.26,Owner's Equity,3000,hammer,ğŸ”§
Compost Collective,Sales Tax,REF-8597,True,Someone painted the barn plaid again.,Sale at Saturday farmer's market,61012,Payment,0.0,2025-07-20 12:37:00,691.92,,1290.2,691.92,Depreciation,6000,tray,ğŸ“Š
USDA,Sales Tax,REF-7104,False,Billy the Mountain requested cash.,Sale at Saturday farmer's market,36299,Equity Contribution,0.0,2025-07-20 18:26:00,967.21,,3867.42,967.21,Fuel,5300,calendar,ğŸ§º
Tractor Depot,No Tax,REF-6415,True,Beware of the Central Scrutinizer.,Utility payment: irrigation pump,74390,Equity Contribution,145.88,2025-07-20 13:15:00,0.0,CHK-8573,1772.08,145.88,Cost of Goods Sold,5000,gear,ğŸ
Muffin Utility Inc.,Sales Tax,REF-9873,True,Beware of the Central Scrutinizer.,Equity contribution by Frank,93919,Expense,0.0,2025-07-20 14:59:00,278.36,,1321.76,278.36,Payroll Expenses,5500,tray,ğŸ“¦
Zappa Solar,Use Tax,REF-8423,False,Eggplant royalty dispute resolved.,Sale at Saturday farmer's market,75403,Tax,0.0,2025-07-20 12:11:00,428.63,CHK-4040,4253.28,428.63,Repairs & Maintenance,5400,book,ğŸ§‘â€ğŸŒ¾
Johnny's Seeds,No Tax,REF-3648,False,Billy the Mountain requested cash.,Weekly payroll distribution,32983,Invoice,62.68,2025-07-20 07:27:00,0.0,,3628.73,62.68,Inventory,1200,tray,ğŸŒ½
Farm Co-op,No Tax,REF-8260,False,Eggplant royalty dispute resolved.,Payment for organic compost delivery,18663,Invoice,221.04,2025-07-20 11:32:00,0.0,,1365.2,221.04,Owner's Equity,3000,globe,ğŸ“…
Tractor Depot,Sales Tax,REF-5675,True,Beware of the Central Scrutinizer.,Purchase of heirloom tomato seeds,49508,Invoice,1153.78,2025-07-20 18:23:00,0.0,,3385.23,1153.78,Fuel,5300,cart,ğŸ
Compost Collective,Sales Tax,REF-1266,True,"This ainâ€™t the garden of Eden, man.",Tractor repair service,19462,Expense,328.55,2025-07-20 11:15:00,0.0,,4639.05,328.55,Inventory,1200,creditcard,ğŸ¡
Farm Co-op,Use Tax,REF-8222,True,Someone painted the barn plaid again.,Tractor repair service,65795,Payroll,0.0,2025-07-20 17:18:00,537.96,CHK-5960,3548.82,537.96,Marketing & Promotion,5700,dollarsign.circle,ğŸ’¼
USDA,Sales Tax,REF-1073,False,Eggplant royalty dispute resolved.,Utility payment: irrigation pump,87748,Sale,0.0,2025-07-20 18:35:00,668.27,,3128.45,668.27,Accounts Payable,2000,globe,ğŸ› 
Muffin Utility Inc.,Sales Tax,REF-6486,False,Billy the Mountain requested cash.,Utility payment: irrigation pump,46030,Payroll,797.8,2025-07-20 12:28:00,0.0,,1474.31,797.8,Payroll Expenses,5500,doc.plaintext,ğŸ”
Zappa Solar,No Tax,REF-8503,False,Paid in kale chips and weird looks.,Purchase of heirloom tomato seeds,24624,Payment,0.0,2025-07-20 15:03:00,452.64,,3673.9,452.64,Sales - Value-Added Goods,4100,dollarsign.circle,ğŸ’¸
USDA,Sales Tax,REF-6594,False,Paid in kale chips and weird looks.,Payment for organic compost delivery,84984,Invoice,441.02,2025-07-20 14:06:00,0.0,CHK-3318,1283.87,441.02,Prepaid Expenses,1300,briefcase,ğŸŒ½
Tractor Depot,Use Tax,REF-9891,False,"This ainâ€™t the garden of Eden, man.",Purchase of heirloom tomato seeds,47613,Payroll,0.0,2025-07-20 12:40:00,1139.36,CHK-2889,4746.53,1139.36,Cash,1000,tray,ğŸ“…
Zappa Solar,Sales Tax,REF-6417,True,Someone painted the barn plaid again.,Weekly payroll distribution,54334,Expense,898.33,2025-07-20 07:00:00,0.0,,4356.38,898.33,Payroll Expenses,5500,book,ğŸ„
Tractor Depot,No Tax,REF-3246,False,Eggplant royalty dispute resolved.,Sale at Saturday farmer's market,24010,Invoice,0.0,2025-07-20 14:49:00,806.4,,4185.02,806.4,Sales - Value-Added Goods,4100,externaldrive,ğŸ¡
Compost Collective,Sales Tax,REF-7605,False,Someone painted the barn plaid again.,Sale at Saturday farmer's market,26630,Payment,322.41,2025-07-20 07:13:00,0.0,CHK-1015,3502.64,322.41,Depreciation,6000,wrench,ğŸ“¦
Farm Co-op,No Tax,REF-4829,True,Someone painted the barn plaid again.,Sale at Saturday farmer's market,98348,Sale,0.0,2025-07-20 13:02:00,1161.34,CHK-6924,2577.79,1161.34,Insurance,5900,wrench,ğŸ…
Johnny's Seeds,Sales Tax,REF-9632,True,Eggplant royalty dispute resolved.,Purchase of heirloom tomato seeds,71728,Tax,0.0,2025-07-20 11:55:00,76.48,CHK-8702,4172.33,76.48,Cost of Goods Sold,5000,briefcase,ğŸ¡
Compost Collective,No Tax,REF-5811,True,Paid in kale chips and weird looks.,Equity contribution by Frank,61346,Tax,0.0,2025-07-20 07:40:00,1138.34,CHK-5019,2341.55,1138.34,Owner's Equity,3000,hammer,ğŸ“¦
Farm Co-op,No Tax,REF-3307,True,"This ainâ€™t the garden of Eden, man.",Utility payment: irrigation pump,98551,Invoice,0.0,2025-07-20 09:23:00,351.94,,2222.25,351.94,Insurance,5900,leaf,ğŸ§‘â€ğŸŒ¾
Tractor Depot,Sales Tax,REF-6356,True,Micâ€™d the compost for microbial jazz.,Utility payment: irrigation pump,54907,Payment,170.89,2025-07-20 07:50:00,0.0,,3104.43,170.89,Payroll Expenses,5500,gear,ğŸšœ
Farm Co-op,No Tax,REF-1916,True,Billy the Mountain requested cash.,Equity contribution by Frank,59393,Expense,0.0,2025-07-20 07:18:00,95.5,CHK-6770,1318.44,95.5,Insurance,5900,folder,ğŸ§¾
Tractor Depot,No Tax,REF-2608,True,"This ainâ€™t the garden of Eden, man.",Payment for organic compost delivery,32272,Tax,0.0,2025-07-20 09:47:00,537.79,CHK-8664,4216.34,537.79,Accounts Receivable,1100,calendar,ğŸšœ
Johnny's Seeds,No Tax,REF-9962,False,Paid in kale chips and weird looks.,Tractor repair service,35625,Sale,663.48,2025-07-20 07:00:00,0.0,,1548.77,663.48,Sales - Value-Added Goods,4100,chart.bar,ğŸŒ½
Muffin Utility Inc.,Use Tax,REF-1415,True,Eggplant royalty dispute resolved.,Purchase of heirloom tomato seeds,79575,Invoice,343.48,2025-07-20 08:10:00,0.0,,4375.03,343.48,Fertilizer & Compost,5200,globe,ğŸ¡
Zappa Solar,Use Tax,REF-3811,True,"This ainâ€™t the garden of Eden, man.",Payment for organic compost delivery,59394,Payment,0.0,2025-07-20 09:05:00,189.68,,1608.57,189.68,Insurance,5900,briefcase,ğŸ’¸
Muffin Utility Inc.,Use Tax,REF-6502,True,"This ainâ€™t the garden of Eden, man.",Equity contribution by Frank,92162,Expense,0.0,2025-07-20 14:41:00,1065.68,,1281.0,1065.68,Inventory,1200,calendar,ğŸ› 
Johnny's Seeds,Use Tax,REF-7051,False,Micâ€™d the compost for microbial jazz.,Purchase of heirloom tomato seeds,96846,Expense,0.0,2025-07-20 16:26:00,1002.55,,3105.25,1002.55,Prepaid Expenses,1300,hammer,ğŸ“…
Farm Co-op,No Tax,REF-7114,False,Micâ€™d the compost for microbial jazz.,Utility payment: irrigation pump,63760,Invoice,565.77,2025-07-20 11:59:00,0.0,,1602.35,565.77,Accounts Payable,2000,hammer,ğŸŒ±
USDA,No Tax,REF-5412,True,Paid in kale chips and weird looks.,Sale at Saturday farmer's market,68562,Expense,0.0,2025-07-20 16:43:00,264.58,CHK-1979,3206.74,264.58,Payroll Expenses,5500,chart.bar,ğŸ§‘â€ğŸŒ¾
Muffin Utility Inc.,Sales Tax,REF-4570,True,Micâ€™d the compost for microbial jazz.,Tractor repair service,85401,Payroll,0.0,2025-07-20 09:27:00,906.51,,4417.09,906.51,Inventory,1200,hammer,ğŸ
Farm Co-op,Use Tax,REF-2661,False,Someone painted the barn plaid again.,Weekly payroll distribution,12761,Tax,667.72,2025-07-20 11:47:00,0.0,CHK-7311,1928.04,667.72,Inventory,1200,gear,ğŸ”§
Muffin Utility Inc.,Sales Tax,REF-3079,True,Beware of the Central Scrutinizer.,Sale at Saturday farmer's market,26972,Sale,0.0,2025-07-20 15:23:00,892.87,CHK-1435,3487.55,892.87,Prepaid Expenses,1300,book,ğŸ„
Farm Co-op,Use Tax,REF-6858,True,"This ainâ€™t the garden of Eden, man.",Equity contribution by Frank,44218,Payment,264.59,2025-07-20 14:22:00,0.0,CHK-2156,2442.6,264.59,Cash,1000,hammer,ğŸ§‘â€ğŸŒ¾
Muffin Utility Inc.,No Tax,REF-2363,True,"This ainâ€™t the garden of Eden, man.",Weekly payroll distribution,20049,Expense,1032.99,2025-07-20 07:04:00,0.0,,1294.05,1032.99,Repairs & Maintenance,5400,tray,ğŸ„
USDA,Sales Tax,REF-2993,False,Paid in kale chips and weird looks.,Purchase of heirloom tomato seeds,22481,Equity Contribution,967.89,2025-07-20 09:26:00,0.0,,3335.34,967.89,Depreciation,6000,tractor,ğŸ¡
USDA,Sales Tax,REF-6620,True,Micâ€™d the compost for microbial jazz.,Sale at Saturday farmer's market,81402,Expense,242.53,2025-07-20 11:55:00,0.0,CHK-6239,1566.21,242.53,Sales - Value-Added Goods,4100,hammer,ğŸ§‘â€ğŸŒ¾
Zappa Solar,Use Tax,REF-7028,False,"This ainâ€™t the garden of Eden, man.",Weekly payroll distribution,56736,Expense,0.0,2025-07-20 11:47:00,200.85,,1251.18,200.85,Professional Services,5800,cart,ğŸ¥•
Johnny's Seeds,Use Tax,REF-5363,False,Billy the Mountain requested cash.,Payment for organic compost delivery,42493,Expense,0.0,2025-07-20 07:59:00,565.47,CHK-9364,4363.78,565.47,Fertilizer & Compost,5200,folder,ğŸ¥•
Tractor Depot,Sales Tax,REF-9107,True,Someone painted the barn plaid again.,Equity contribution by Frank,28718,Invoice,120.67,2025-07-20 07:02:00,0.0,,3966.8,120.67,Owner's Equity,3000,externaldrive,ğŸ§‘â€ğŸŒ¾
Farm Co-op,Use Tax,REF-4419,False,Eggplant royalty dispute resolved.,Weekly payroll distribution,27729,Payment,0.0,2025-07-20 16:21:00,572.35,CHK-9676,4220.96,572.35,Taxes Payable,2200,globe,ğŸ¥•
Farm Co-op,Use Tax,REF-5228,False,Billy the Mountain requested cash.,Equity contribution by Frank,87810,Sale,130.42,2025-07-20 12:29:00,0.0,,4466.51,130.42,Wages Payable,2100,leaf,ğŸ“¦
USDA,Use Tax,REF-8403,False,Eggplant royalty dispute resolved.,Weekly payroll distribution,52254,Equity Contribution,294.58,2025-07-20 15:32:00,0.0,,2579.52,294.58,Repairs & Maintenance,5400,wrench,ğŸ“…
Compost Collective,Sales Tax,REF-6286,True,"This ainâ€™t the garden of Eden, man.",Weekly payroll distribution,75515,Invoice,0.0,2025-07-20 18:15:00,166.18,CHK-8999,2381.12,166.18,Depreciation,6000,wrench,ğŸ¥•
Tractor Depot,Use Tax,REF-5698,False,Eggplant royalty dispute resolved.,Payment for organic compost delivery,99009,Payroll,0.0,2025-07-20 17:46:00,1184.19,,1328.79,1184.19,Owner's Equity,3000,cart,ğŸ’¸
USDA,No Tax,REF-2222,True,Eggplant royalty dispute resolved.,Tractor repair service,39617,Expense,0.0,2025-07-20 15:55:00,891.92,CHK-5717,1822.59,891.92,Taxes Payable,2200,plusminus,ğŸ’¼
USDA,Sales Tax,REF-1027,False,Eggplant royalty dispute resolved.,Payment for organic compost delivery,48873,Sale,0.0,2025-07-20 11:11:00,360.25,,2452.96,360.25,Cost of Goods Sold,5000,briefcase,ğŸ¡
Johnny's Seeds,No Tax,REF-6868,False,Beware of the Central Scrutinizer.,Utility payment: irrigation pump,21312,Expense,0.0,2025-07-20 15:07:00,491.83,CHK-2197,2076.29,491.83,Prepaid Expenses,1300,gear,ğŸ“…
USDA,No Tax,REF-3526,False,Paid in kale chips and weird looks.,Tractor repair service,33932,Payroll,0.0,2025-07-20 07:33:00,571.62,CHK-1645,2079.09,571.62,Seeds & Amendments,5100,folder,ğŸ› 
